drug_code,related_drug_code,drug_name,related_drug_name,matched_atc_code
CAPC_18,2006010012,aripiprazole,ABILIFY,N05AX12
CAPC_18,2009040373,aripiprazole,ABILIFY,N05AX12
CAPC_18,2005060015,aripiprazole,ABILIFY,N05AX12
CAPC_18,2009040374,aripiprazole,ABILIFY,N05AX12
CAPC_18,2005060016,aripiprazole,ABILIFY,N05AX12
CAPC_18,2009040375,aripiprazole,ABILIFY,N05AX12
CAPC_18,2005060017,aripiprazole,ABILIFY,N05AX12
CAPC_18,2009040372,aripiprazole,ABILIFY,N05AX12
CAPC_18,2005060014,aripiprazole,ABILIFY,N05AX12
CAPC_18,2008040115,aripiprazole,ABILIFY,N05AX12
CAPC_18,2014090292,aripiprazole,ABILIFY MAINTENA,N05AX12
CAPC_18,2014090293,aripiprazole,ABILIFY MAINTENA,N05AX12
CAPC_67,2020020010,dextromethorphan and promethazine,Acatar Mono,R05DA09
CAPC_146,2013040141,loxapine,Adasuve,N05AH01
CAPC_146,2013040075,loxapine,Adasuve ,N05AH01
CAPC_243,2024090242,tadalafil,ADCIRCA,G04BE08
CAPC_243,2011080101,tadalafil,ADCIRCA,G04BE08
CAPC_242,2008030100,tacrolimus,"ADVAGRAF-0,5",L04AD02
CAPC_242,2008030101,tacrolimus,ADVAGRAF-1,L04AD02
CAPC_242,2010040100,tacrolimus,ADVAGRAF-3,L04AD02
CAPC_242,2008030102,tacrolimus,ADVAGRAF-5,L04AD02
CAPC_91,2009080101,everolimus,Afinitor,L01EG02
CAPC_91,2009080100,everolimus,Afinitor,L01EG02
CAPC_153,2009080516,meclizine,AGYRAX,R06AE05
CAPC_232,2005108292,salbutamol,AIROMIR,R03AC02
CAPC_232,2005108293,salbutamol,AIROMIR AUTOHALER,R03AC02
CAPC_172,2000090015,naproxen,ALEVE,M01AE02
CAPC_121,2021030036,ibuprofen,Algidrin,M01AE01
CAPC_264,2016040021,tramadol and acetaminophen,Algotra,N02AJ13
CAPC_264,2014090215,tramadol and acetaminophen,Algotra,N02AJ13
CAPC_264,2022090206,tramadol and acetaminophen,Algotra,N02AJ13
CAPC_7,2005018631,allopurinol,ALLOPURINOL EG,M04AA01
CAPC_7,2010110002,allopurinol,ALLOPURINOL RATIOPHARM-100,M04AA01
CAPC_7,2005098238,allopurinol,ALLOPURINOL-RATIOPHARM-300,M04AA01
CAPC_190,2010050793,palonosetron,ALOXI,A04AA05
CAPC_190,2013080234,palonosetron,Aloxi 500mcg,A04AA05
CAPC_8,1994120670,alprazolam,Alpraz,N05BA12
CAPC_8,1994120671,alprazolam,Alpraz,N05BA12
CAPC_8,2024070169,alprazolam,Alpraz Retard,N05BA12
CAPC_8,2024070170,alprazolam,Alpraz Retard,N05BA12
CAPC_8,2024070171,alprazolam,Alpraz Retard,N05BA12
CAPC_8,2007040017,alprazolam,ALPRAZOLAM EG,N05BA12
CAPC_8,2007040018,alprazolam,ALPRAZOLAM EG,N05BA12
CAPC_8,2007040019,alprazolam,ALPRAZOLAM EG,N05BA12
CAPC_8,2007049999,alprazolam,ALPRAZOLAM EG,N05BA12
CAPC_8,2024070172,alprazolam,Alprazolam Grindeks,N05BA12
CAPC_8,2024070173,alprazolam,Alprazolam Grindeks,N05BA12
CAPC_8,2024070174,alprazolam,Alprazolam Grindeks,N05BA12
CAPC_8,2022110229,alprazolam,Alprazolam IBSA,N05BA12
CAPC_8,2022110230,alprazolam,Alprazolam IBSA,N05BA12
CAPC_8,2022110231,alprazolam,Alprazolam IBSA,N05BA12
CAPC_8,2022110232,alprazolam,Alprazolam IBSA,N05BA12
CAPC_10,2003107957,amiodarone,AMIODARONE,C01BD01
CAPC_10,1998045149,amiodarone,Amiodarone EG,C01BD01
CAPC_11,2020020041,amitriptyline,Amitriptylin Micro Labs,N06AA09
CAPC_11,2020020042,amitriptyline,Amitriptylin Micro Labs,N06AA09
CAPC_11,2020020043,amitriptyline,Amitriptylin Micro Labs,N06AA09
CAPC_11,2020020040,amitriptyline,Amitriptylin Micro Labs,N06AA09
CAPC_11,2020020044,amitriptyline,Amitriptylin Micro Labs,N06AA09
CAPC_12,2012090008,amlodipine,Amlodipin besilaat Sandoz,C08CA01
CAPC_12,2012090007,amlodipine,Amlodipin besilaat Sandoz,C08CA01
CAPC_12,2008090021,amlodipine,AMLODIPIN N RATIOPHARM,C08CA01
CAPC_12,2008090020,amlodipine,AMLODIPIN N RATIOPHARM,C08CA01
CAPC_12,2007090092,amlodipine,AMLODIPINE BESILATE EG,C08CA01
CAPC_12,2007090091,amlodipine,AMLODIPINE BESILATE EG,C08CA01
CAPC_12,2019050064,amlodipine,Amlodipine Taw Pharma,C08CA01
CAPC_12,2006040007,amlodipine,Amlogal Divule,C08CA01
CAPC_12,2003127931,amlodipine,Amlor,C08CA01
CAPC_12,2003127930,amlodipine,Amlor,C08CA01
CAPC_51,1995103286,clomipramine,ANAFRANIL RETARD,N06AA04
CAPC_15,2022110242,apixaban,Apixaban EG,B01AF02
CAPC_15,2022110243,apixaban,Apixaban EG,B01AF02
CAPC_15,2024020022,apixaban,Apixaban ratiopharm,B01AF02
CAPC_15,2024020023,apixaban,Apixaban ratiopharm,B01AF02
CAPC_15,2021120245,apixaban,Apixaban Viatris,B01AF02
CAPC_15,2021120241,apixaban,Apixaban Viatris ,B01AF02
CAPC_15,2021030033,apixaban,Apixaban-ratiopharm,B01AF02
CAPC_15,2021030034,apixaban,Apixaban-ratiopharm,B01AF02
CAPC_99,2009100574,flecainide,APOCARD RETARD,C01BC04
CAPC_99,2009100575,flecainide,APOCARD RETARD,C01BC04
CAPC_99,2009100576,flecainide,APOCARD RETARD,C01BC04
CAPC_172,2007039232,naproxen,Apranax,M01AE02
CAPC_172,2007039233,naproxen,Apranax,M01AE02
CAPC_16,2025020015,apremilast,Apremilast EG,L04AA32
CAPC_16,2025020016,apremilast,Apremilast EG  10 mg + 20 mg + 30 mg,L04AA32
CAPC_126,2002106782,irbesartan,Aprovel,C09CA04
CAPC_126,2002106783,irbesartan,Aprovel,C09CA04
CAPC_126,2002106781,irbesartan,Aprovel,C09CA04
CAPC_73,2011041096,donepezil,ARICEPT-10,N06DA02
CAPC_73,2011041097,donepezil,ARICEPT-5,N06DA02
CAPC_18,2015100151,aripiprazole,Aripiprazol Sandoz,N05AX12
CAPC_18,2015100152,aripiprazole,Aripiprazol Sandoz,N05AX12
CAPC_18,2015100153,aripiprazole,Aripiprazol Sandoz,N05AX12
CAPC_18,2015100154,aripiprazole,Aripiprazol Sandoz,N05AX12
CAPC_18,2015100150,aripiprazole,Aripiprazol Sandoz,N05AX12
CAPC_18,2016040023,aripiprazole,Aripiprazole EG,N05AX12
CAPC_18,2016040024,aripiprazole,Aripiprazole EG,N05AX12
CAPC_18,2016040025,aripiprazole,Aripiprazole EG,N05AX12
CAPC_18,2020040108,aripiprazole,Aripiprazole Mylan Pharma,N05AX12
CAPC_18,2020040109,aripiprazole,Aripiprazole Mylan Pharma,N05AX12
CAPC_18,2020040110,aripiprazole,Aripiprazole Mylan Pharma,N05AX12
CAPC_18,2020040107,aripiprazole,Aripiprazole Mylan Pharma,N05AX12
CAPC_18,2015040037,aripiprazole,Aripiprazol-ratiopharm,N05AX12
CAPC_18,2015040038,aripiprazole,Aripiprazol-ratiopharm,N05AX12
CAPC_18,2015040039,aripiprazole,Aripiprazol-ratiopharm,N05AX12
CAPC_18,2015040040,aripiprazole,Aripiprazol-ratiopharm,N05AX12
CAPC_18,2015040036,aripiprazole,Aripiprazol-ratiopharm,N05AX12
CAPC_93,2009020157,exemestane,AROMASIN,L02BG06
CAPC_36,2010010676,candesartan,ATACAND,C09CA06
CAPC_36,2010010677,candesartan,ATACAND,C09CA06
CAPC_36,2010010673,candesartan,ATACAND,C09CA06
CAPC_36,2010010675,candesartan,ATACAND,C09CA06
CAPC_22,2016110279,atorvastatin,ATORSTATINEG,C10AA05
CAPC_22,2016110280,atorvastatin,ATORSTATINEG,C10AA05
CAPC_22,2016110281,atorvastatin,ATORSTATINEG,C10AA05
CAPC_22,2016110282,atorvastatin,ATORSTATINEG,C10AA05
CAPC_22,2020060142,atorvastatin,Atorvastatin Micro Labs,C10AA05
CAPC_22,2020060143,atorvastatin,Atorvastatin Micro Labs,C10AA05
CAPC_22,2022040086,atorvastatin,Atorvastatin Micro Labs,C10AA05
CAPC_22,2020060144,atorvastatin,Atorvastatin Micro Labs,C10AA05
CAPC_22,2022040087,atorvastatin,Atorvastatin Micro Labs,C10AA05
CAPC_22,2020060145,atorvastatin,Atorvastatin Micro Labs,C10AA05
CAPC_22,2012090015,atorvastatin,Atorvastatin Sandoz,C10AA05
CAPC_22,2011010109,atorvastatin,Atorvastatin-ratiopharm GmbH,C10AA05
CAPC_22,2010080004,atorvastatin,Atorvastatin-ratiopharm GmbH,C10AA05
CAPC_22,2010080005,atorvastatin,Atorvastatin-ratiopharm GmbH,C10AA05
CAPC_22,2010080006,atorvastatin,Atorvastatin-ratiopharm GmbH,C10AA05
CAPC_66,2017040061,dextroamphetamine,Attentin,N06BA02
CAPC_66,2017040062,dextroamphetamine,Attentin,N06BA02
CAPC_66,2014120350,dextroamphetamine,Attentin,N06BA02
CAPC_220,2009100589,rasagiline,AZILECT,N04BD02
CAPC_164,2013060225,mirabegron,Betmiga-25mg,G04BD12
CAPC_164,2013060226,mirabegron,Betmiga-50mg,G04BD12
CAPC_67,2013110372,dextromethorphan and promethazine,Bisolvon Toux sèche,R05DA09
CAPC_202,2010080830,piroxicam,BREXINE,M01AC01
CAPC_202,2010080832,piroxicam,BREXINE-DRYFIZ,M01AC01
CAPC_256,2016090246,ticagrelor,Brilique,B01AC24
CAPC_256,2018120382,ticagrelor,Brilique,B01AC24
CAPC_256,2011010117,ticagrelor,Brilique,B01AC24
CAPC_275,2010100100,vernakalant,BRINAVESS,C01BG11
CAPC_30,2017030019,brivaracetam,Briviact,N03AX23
CAPC_30,2017030024,brivaracetam,Briviact,N03AX23
CAPC_30,2017030025,brivaracetam,Briviact,N03AX23
CAPC_30,2017030023,brivaracetam,Briviact,N03AX23
CAPC_30,2017030020,brivaracetam,Briviact,N03AX23
CAPC_30,2017030021,brivaracetam,Briviact,N03AX23
CAPC_30,2017030022,brivaracetam,Briviact,N03AX23
CAPC_55,2008100046,codeine,BRONCHOSEDAL CODEINE,R05DA04
CAPC_67,2014100323,dextromethorphan and promethazine,Bronchosedal Dextromethorphan,R05DA09
CAPC_121,2014040014,ibuprofen,Brufen,M01AE01
CAPC_121,2002016342,ibuprofen,Brufen,M01AE01
CAPC_121,2002016343,ibuprofen,Brufen Forte,M01AE01
CAPC_121,2002016339,ibuprofen,Brufen Granules,M01AE01
CAPC_121,2002016344,ibuprofen,Brufen Retard,M01AE01
CAPC_121,2022050105,ibuprofen,Brumare,M01AE01
CAPC_121,2022050106,ibuprofen,Brumare,M01AE01
CAPC_121,2022050107,ibuprofen,Brumare retard,M01AE01
CAPC_162,2013040147,midazolam,Buccolam,N05CD08
CAPC_162,2013040083,midazolam,Buccolam,N05CD08
CAPC_162,2013040145,midazolam,Buccolam,N05CD08
CAPC_162,2013040146,midazolam,Buccolam,N05CD08
CAPC_31,2017070185,buprenorphine,Buprenorphin Libra-Pharm 3 Tage,N02AE01
CAPC_31,2017070186,buprenorphine,Buprenorphin Libra-Pharm 3 Tage,N02AE01
CAPC_31,2017070187,buprenorphine,Buprenorphin Libra-Pharm 3 Tage,N02AE01
CAPC_32,2020040103,bupropion,Bupropion-ratiopharm,N06AX12
CAPC_31,2020100293,buprenorphine,Buvidal,N07BC01
CAPC_31,2020100288,buprenorphine,Buvidal,N07BC01
CAPC_31,2024040088,buprenorphine,Buvidal,N07BC01
CAPC_31,2020100289,buprenorphine,Buvidal,N07BC01
CAPC_31,2020100290,buprenorphine,Buvidal,N07BC01
CAPC_31,2020100291,buprenorphine,Buvidal,N07BC01
CAPC_31,2020100287,buprenorphine,Buvidal,N07BC01
CAPC_31,2020100292,buprenorphine,Buvidal,N07BC01
CAPC_34,2023110249,cabazitaxel,Cabazitaxel Accord,L01CD04
CAPC_34,2024090255,cabazitaxel,Cabazitaxel EG,L01CD04
CAPC_34,2022080189,cabazitaxel,Cabazitaxel Viatris,L01CD04
CAPC_127,2008029708,irinotecan,CAMPTO,L01CE02
CAPC_151,2023080175,mavacamten,Camzyos,C01EB24
CAPC_151,2023080176,mavacamten,Camzyos,C01EB24
CAPC_151,2023080173,mavacamten,Camzyos,C01EB24
CAPC_151,2023080174,mavacamten,Camzyos,C01EB24
CAPC_36,2012010014,candesartan,Candesartan EG,C09CA06
CAPC_36,2012010015,candesartan,Candesartan EG,C09CA06
CAPC_36,2012010013,candesartan,Candesartan EG,C09CA06
CAPC_36,2025030059,candesartan,Candesartan Eurogenerics,C09CA06
CAPC_36,2025030056,candesartan,Candesartan Eurogenerics,C09CA06
CAPC_36,2025030060,candesartan,Candesartan Eurogenerics,C09CA06
CAPC_36,2025030057,candesartan,Candesartan Eurogenerics,C09CA06
CAPC_36,2025030058,candesartan,Candesartan Eurogenerics,C09CA06
CAPC_36,2011040008,candesartan,Candesartan-ratiopharm,C09CA06
CAPC_36,2011040009,candesartan,Candesartan-ratiopharm,C09CA06
CAPC_36,2011040006,candesartan,Candesartan-ratiopharm,C09CA06
CAPC_36,2011040007,candesartan,Candesartan-ratiopharm,C09CA06
CAPC_38,2012100092,capecitabine,Capecitabine Accord-150,L01BC06
CAPC_38,2012100093,capecitabine,Capecitabine Accord-300,L01BC06
CAPC_38,2012100094,capecitabine,Capecitabine Accord-500,L01BC06
CAPC_38,2013100354,capecitabine,Capecitabine medac,L01BC06
CAPC_38,2013100355,capecitabine,Capecitabine medac,L01BC06
CAPC_38,2013100356,capecitabine,Capecitabine medac,L01BC06
CAPC_38,2012100098,capecitabine,Capecitabine Teva-150,L01BC06
CAPC_38,2012100099,capecitabine,Capecitabine Teva-500,L01BC06
CAPC_42,2005040005,carvedilol,CARVEDILOL EG,C07AG02
CAPC_42,2005030033,carvedilol,CARVEDILOL EG,C07AG02
CAPC_70,2001107175,diclofenac,Cataflam,M01AB05
CAPC_43,2011031003,celecoxib,Celebrex,M01AH01
CAPC_43,2011031004,celecoxib,Celebrex,M01AH01
CAPC_43,2014060114,celecoxib,Celecoxib EG,M01AH01
CAPC_43,2014060115,celecoxib,Celecoxib EG,M01AH01
CAPC_43,2012120187,celecoxib,Celecoxib-ratiopharm 100mg,M01AH01
CAPC_43,2012120188,celecoxib,Celecoxib-ratiopharm 200mg,M01AH01
CAPC_150,2007090110,maraviroc,CELSENTRI,J05AX09
CAPC_150,2007090111,maraviroc,CELSENTRI,J05AX09
CAPC_159,2016110289,metoclopramide,Ceolat,A03FA01
CAPC_62,2007129601,desogestrel,CERAZETTE,G03AC09
CAPC_81,2016040113,eliglustat,Cerdelga,A16AX10
CAPC_158,2013110436,methylene blue,Chlorure de méthylthioninium Proveblue 5mg/ml,V03AB17
CAPC_229,2022050114,rosuvastatin / ezetimibe,Cholecomb,C10BA06
CAPC_229,2022050115,rosuvastatin / ezetimibe,Cholecomb,C10BA06
CAPC_95,2013120695,fenofibrate / simvastatin,Cholib,C10BA04
CAPC_95,2013120696,fenofibrate / simvastatin,Cholib,C10BA04
CAPC_243,2007119553,tadalafil,CIALIS,G04BE08
CAPC_243,2007070100,tadalafil,CIALIS,G04BE08
CAPC_243,2007119554,tadalafil,CIALIS,G04BE08
CAPC_243,2007070101,tadalafil,CIALIS,G04BE08
CAPC_1,2022020034,abrocitinib,Cibinqo,D11AH08
CAPC_1,2022020035,abrocitinib,Cibinqo,D11AH08
CAPC_1,2022020033,abrocitinib,Cibinqo,D11AH08
CAPC_49,1997114272,citalopram,CIPRAMIL,N06AB04
CAPC_49,1997114274,citalopram,CIPRAMIL,N06AB04
CAPC_48,2011031045,cisplatin,CISPLATINE TEVA-1MG/ML,L01XA01
CAPC_49,2007069352,citalopram,CITALOPRAM EG-20,N06AB04
CAPC_49,2003020049,citalopram,Citalopram Viatris,N06AB04
CAPC_49,2004120014,citalopram,Citalopram Viatris,N06AB04
CAPC_50,2022020037,clobazam,Clobazam Essential Pharmaceuticals,N05BA09
CAPC_53,2011110009,clopidogrel,CLOPIDOGREL (HCL) SANDOZ,B01AC04
CAPC_53,2009120007,clopidogrel,CLOPIDOGREL DURA-75,B01AC04
CAPC_53,2018010005,clopidogrel,Clopidogrel EG,B01AC04
CAPC_53,2009120011,clopidogrel,CLOPIDOGREL KRKA-75,B01AC04
CAPC_53,2015100149,clopidogrel,Clopidogrel ratiopharm,B01AC04
CAPC_53,2009120017,clopidogrel,CLOPIDOGREL TAD-75,B01AC04
CAPC_53,2009120012,clopidogrel,Clopidogrel Taw Pharma 75mg,B01AC04
CAPC_53,2010040091,clopidogrel,CLOPIDOGREL TEVA-75,B01AC04
CAPC_53,2010020006,clopidogrel,Clopidogrel Viatris,B01AC04
CAPC_53,2008120042,clopidogrel,Clopidogrel Zentiva,B01AC04
CAPC_53,2008120041,clopidogrel,Clopidogrel Zentiva,B01AC04
CAPC_285,2005088293,zuclopenthixol,CLOPIXOL,N05AF05
CAPC_285,2005088292,zuclopenthixol,CLOPIXOL,N05AF05
CAPC_285,2005088295,zuclopenthixol,CLOPIXOL,N05AF05
CAPC_285,2005088294,zuclopenthixol,CLOPIXOL,N05AF05
CAPC_285,2005068794,zuclopenthixol,CLOPIXOL  DEPOT,N05AF05
CAPC_285,2005088296,zuclopenthixol,CLOPIXOL ACUTARD,N05AF05
CAPC_192,2009120020,pantoprazole,CONTROLOC CONTROL,A02BC02
CAPC_10,2003107960,amiodarone,CORDARONE,C01BD01
CAPC_10,2003107888,amiodarone,CORDARONE,C01BD01
CAPC_131,2006010041,ivabradine,CORLENTOR,C01EB17
CAPC_131,2006010042,ivabradine,CORLENTOR,C01EB17
CAPC_144,2007019153,losartan,COZAAR,C09CA01
CAPC_144,1999060006,losartan,COZAAR,C09CA01
CAPC_144,1995040196,losartan,COZAAR,C09CA01
CAPC_128,2017120344,isavuconazonium,CRESEMBA,J02AC05
CAPC_128,2017120343,isavuconazonium,CRESEMBA,J02AC05
CAPC_128,2024100287,isavuconazonium,CRESEMBA,J02AC05
CAPC_228,2009010127,rosuvastatin,CRESTOR,C10AA07
CAPC_228,2009010128,rosuvastatin,CRESTOR,C10AA07
CAPC_228,2009010129,rosuvastatin,CRESTOR,C10AA07
CAPC_228,2009010126,rosuvastatin,CRESTOR,C10AA07
CAPC_77,2009060421,duloxetine,CYMBALTA,N06AX21
CAPC_77,2009060422,duloxetine,CYMBALTA,N06AX21
CAPC_271,2009030236,valproic acid / divalproex,DEPAKINE,N03AG01
CAPC_271,2009030238,valproic acid / divalproex,DEPAKINE,N03AG01
CAPC_271,2009030237,valproic acid / divalproex,DEPAKINE,N03AG01
CAPC_271,2009030234,valproic acid / divalproex,DEPAKINE CHRONO-300,N03AG01
CAPC_271,2009030235,valproic acid / divalproex,DEPAKINE CHRONO-500,N03AG01
CAPC_271,2009030232,valproic acid / divalproex,DEPAKINE ENTERIC-300,N03AG01
CAPC_271,2009030233,valproic acid / divalproex,DEPAKINE ENTERIC-500,N03AG01
CAPC_62,2019070144,desogestrel,Desirett,G03AC09
CAPC_62,2010100050,desogestrel,Desoceane,G03AC09
CAPC_62,2013010013,desogestrel,Desogestrel Besins 75mcg,G03AC09
CAPC_261,2009020158,tolterodine,Detrusitol,G04BD07
CAPC_261,2009020159,tolterodine,Detrusitol,G04BD07
CAPC_261,2009020160,tolterodine,Detrusitol retard,G04BD07
CAPC_261,2009020161,tolterodine,Detrusitol retard,G04BD07
CAPC_66,2024110335,dextroamphetamine,Dexamfetamine Owlpharma,N06BA02
CAPC_66,2024110336,dextroamphetamine,Dexamfetamine Owlpharma,N06BA02
CAPC_66,2024110334,dextroamphetamine,Dexamfetamine Owlpharma,N06BA02
CAPC_67,2017040146,dextromethorphan and promethazine,Dextromethorphan Winadol,R05DA09
CAPC_67,2017040147,dextromethorphan and promethazine,Dextromethorphan Winadol,R05DA09
CAPC_69,2005018636,diazepam,Diazepam EG,N05BA01
CAPC_69,2021120240,diazepam,Diazepam Eurogenerics,N05BA01
CAPC_69,2021120234,diazepam,Diazepam Eurogenerics,N05BA01
CAPC_69,2021080178,diazepam,Diazetop,N05BA01
CAPC_69,2021080177,diazepam,Diazetop,N05BA01
CAPC_70,2007060067,diclofenac,DICLOABAK,S01BC03
CAPC_70,2007040023,diclofenac,DICLOFENAC EG,M01AB05
CAPC_70,2007040020,diclofenac,DICLOFENAC EG,M01AB05
CAPC_70,2020120333,diclofenac,Diclofenac EG,M02AA15
CAPC_70,2023060129,diclofenac,Diclofenac EG Forte,M02AA15
CAPC_70,2007040021,diclofenac,DICLOFENAC EG RETARD,M01AB05
CAPC_70,2007040022,diclofenac,DICLOFENAC EG RETARD,M01AB05
CAPC_70,2010040763,diclofenac,Diclofenac IBSA Farmaceutici,M02AA15
CAPC_70,2018060174,diclofenac,Diclofenac Patch EG,M02AA15
CAPC_70,1998014314,diclofenac,DICLOFENAC RETARD-RATIOPHARM-100,M01AB05
CAPC_70,2017040080,diclofenac,Diclofenac-Natrium MicroLabs,M01AB05
CAPC_70,2007119542,diclofenac,Diclofenac-ratiopharm,M01AB05
CAPC_70,2018110319,diclofenac,Diclofenac-ratiopharm,D11AX18
CAPC_70,2000035631,diclofenac,Diclofenac-ratiopharm,M01AB05
CAPC_70,2007119541,diclofenac,Diclofenac-ratiopharm,M01AB05
CAPC_70,2010040737,diclofenac,Diclofenac-ratiopharm,M01AB05
CAPC_272,2010060100,valsartan,Diovane,C09CA03
CAPC_272,2001120025,valsartan,Diovane,C09CA03
CAPC_272,2001120026,valsartan,Diovane ,C09CA03
CAPC_272,2007040038,valsartan,Diovane ,C09CA03
CAPC_199,1987060865,phenytoin,Diphantoïne,N03AB02
CAPC_212,2009020216,propofol,DIPRIVAN,N01AX10
CAPC_212,2009020217,propofol,DIPRIVAN,N01AX10
CAPC_257,1999035674,timolol,Dispatim sine,S01ED01
CAPC_257,1999035675,timolol,Dispatim sine,S01ED01
CAPC_121,1996070422,ibuprofen,Dolgit Schmerzgel,M02AA13
CAPC_73,2014040019,donepezil,Donepezil EG,N06DA02
CAPC_73,2014040018,donepezil,Donepezil EG,N06DA02
CAPC_73,2022050109,donepezil,Donepezil Juta,N06DA02
CAPC_73,2022050108,donepezil,Donepezil Juta,N06DA02
CAPC_24,2021040048,avatrombopag,Doptelet,B02BX08
CAPC_77,2016060151,duloxetine,Duloxetine Eurogenerics,N06AX21
CAPC_77,2016060152,duloxetine,Duloxetine Eurogenerics,N06AX21
CAPC_77,2024120367,duloxetine,Duloxetine Liconsa,N06AX21
CAPC_77,2024120366,duloxetine,Duloxetine Liconsa,N06AX21
CAPC_77,2017030046,duloxetine,Duloxétine Viatris,N06AX21
CAPC_77,2017030047,duloxetine,Duloxétine Viatris,N06AX21
CAPC_96,2008059775,fentanyl,DUROGESIC 100MCG/H,N02AB03
CAPC_96,2008059771,fentanyl,DUROGESIC 12MCG/H,N02AB03
CAPC_96,2008059772,fentanyl,DUROGESIC 25MCG/H,N02AB03
CAPC_96,2008059773,fentanyl,DUROGESIC 50MCG/H,N02AB03
CAPC_96,2008059774,fentanyl,DUROGESIC 75MCG/H,N02AB03
CAPC_38,2012100095,capecitabine,Ecansya,L01BC06
CAPC_38,2012100096,capecitabine,Ecansya,L01BC06
CAPC_38,2012100097,capecitabine,Ecansya,L01BC06
CAPC_26,2012100203,azilsartan,Edarbi,C09CA09
CAPC_26,2012100204,azilsartan,Edarbi,C09CA09
CAPC_26,2012100205,azilsartan,Edarbi,C09CA09
CAPC_274,2011030970,venlafaxine,Efexor-Exel,N06AX16
CAPC_274,2015040065,venlafaxine,Efexor-Exel,N06AX16
CAPC_274,2011010961,venlafaxine,Efexor-Exel,N06AX16
CAPC_274,2010110962,venlafaxine,Efexor-Exel,N06AX16
CAPC_96,2008060013,fentanyl,EFFENTORA-100,N02AB03
CAPC_96,2008060014,fentanyl,EFFENTORA-200,N02AB03
CAPC_96,2008060015,fentanyl,EFFENTORA-400,N02AB03
CAPC_96,2008060016,fentanyl,EFFENTORA-600,N02AB03
CAPC_96,2008060017,fentanyl,EFFENTORA-800,N02AB03
CAPC_103,2020050129,fluorouracil,Efflurak,L01BC02
CAPC_207,2009050042,prasugrel,EFIENT,B01AC22
CAPC_207,2009050041,prasugrel,EFIENT,B01AC22
CAPC_103,2010010691,fluorouracil,EFUDIX,L01BC02
CAPC_15,2011060100,apixaban,"Eliquis 2,5mg",B01AF02
CAPC_15,2013010254,apixaban,Eliquis 5mg,B01AF02
CAPC_140,2020090252,lisdexamfetamine,Elvanse,N06BA12
CAPC_140,2020090253,lisdexamfetamine,Elvanse,N06BA12
CAPC_140,2020090254,lisdexamfetamine,Elvanse,N06BA12
CAPC_140,2020090255,lisdexamfetamine,Elvanse,N06BA12
CAPC_140,2020090256,lisdexamfetamine,Elvanse,N06BA12
CAPC_140,2020090257,lisdexamfetamine,Elvanse,N06BA12
CAPC_17,2017120346,aprepitant,EMEND,A04AD12
CAPC_17,2008100042,aprepitant,EMEND-125,A04AD12
CAPC_17,2008100043,aprepitant,EMEND-40,A04AD12
CAPC_17,2008100041,aprepitant,EMEND-80,A04AD12
CAPC_59,2004120020,darifenacin,EMSELEX,G04BD10
CAPC_59,2009100571,darifenacin,EMSELEX,G04BD10
CAPC_157,2009010016,methotrexate,EMTHEXATE,L04AX03
CAPC_157,2009010015,methotrexate,EMTHEXATE,L04AX03
CAPC_157,2009010017,methotrexate,EMTHEXATE,L04AX03
CAPC_83,2024100270,enzalutamide,Enzalutamide EG,L02BB04
CAPC_83,2024100271,enzalutamide,Enzalutamide EG,L02BB04
CAPC_83,2024100283,enzalutamide,Enzalutamide Viatris,L02BB04
CAPC_83,2024100284,enzalutamide,Enzalutamide Viatris,L02BB04
CAPC_37,2021040053,cannabidiol,Epidyolex,N03AX24
CAPC_86,2014120379,escitalopram,Escidivule,N06AB10
CAPC_86,2014120380,escitalopram,Escidivule,N06AB10
CAPC_86,2014090241,escitalopram,Escitalopram AB,N06AB10
CAPC_86,2014090242,escitalopram,Escitalopram AB,N06AB10
CAPC_86,2014060127,escitalopram,Escitalopram EG,N06AB10
CAPC_86,2014060128,escitalopram,Escitalopram EG,N06AB10
CAPC_86,2024040093,escitalopram,Escitalopram Grindeks,N06AB10
CAPC_86,2024040094,escitalopram,Escitalopram Grindeks,N06AB10
CAPC_86,2024040092,escitalopram,Escitalopram Grindeks,N06AB10
CAPC_86,2012100112,escitalopram,Escitalopram ratiopharm-10,N06AB10
CAPC_86,2012100113,escitalopram,Escitalopram ratiopharm-15,N06AB10
CAPC_86,2012100114,escitalopram,Escitalopram ratiopharm-20,N06AB10
CAPC_86,2012110001,escitalopram,Escitalopram ratiopharm-5,N06AB10
CAPC_86,2016110334,escitalopram,Escitalopram Viatris,N06AB10
CAPC_86,2016110335,escitalopram,Escitalopram Viatris,N06AB10
CAPC_86,2016110336,escitalopram,Escitalopram Viatris,N06AB10
CAPC_86,2016110333,escitalopram,Escitalopram Viatris,N06AB10
CAPC_87,2010100006,esomeprazole,ESOMEPRAZOL RATIOPHARM-20,A02BC05
CAPC_87,2010100007,esomeprazole,ESOMEPRAZOL RATIOPHARM-40,A02BC05
CAPC_87,2013060166,esomeprazole,Esomeprazole EG 20mg,A02BC05
CAPC_87,2013060167,esomeprazole,Esomeprazole EG 40mg,A02BC05
CAPC_87,2011110014,esomeprazole,ESOMEPRAZOLE VIATRIS-20,A02BC05
CAPC_87,2011110015,esomeprazole,ESOMEPRAZOLE VIATRIS-40,A02BC05
CAPC_91,2018110322,everolimus,Everolimus EG,L01EG02
CAPC_91,2018110320,everolimus,Everolimus EG,L01EG02
CAPC_91,2018110321,everolimus,Everolimus EG,L01EG02
CAPC_181,2007109480,norelgestromin and ethinyl estradiol,EVRA,G03AA13
CAPC_93,2012030037,exemestane,Exemestan Ratiopharm-25,L02BG06
CAPC_121,2011010135,ibuprofen,EXTRAPAN IBUPROFENUM GEL 5%,M02AA13
CAPC_221,2006028407,rasburicase,FASTURTEC,V03AF07
CAPC_221,2006028408,rasburicase,FASTURTEC,V03AF07
CAPC_96,2013060172,fentanyl,Fentanyl Matrix EG 100mcg/g,N02AB03
CAPC_96,2013060168,fentanyl,Fentanyl Matrix EG 12mcg/h,N02AB03
CAPC_96,2013060169,fentanyl,Fentanyl Matrix EG 25mcg/h,N02AB03
CAPC_96,2013060170,fentanyl,Fentanyl Matrix EG 50mcg/h,N02AB03
CAPC_96,2013060171,fentanyl,Fentanyl Matrix EG 75mcg/h,N02AB03
CAPC_96,2005098220,fentanyl,FENTANYL-HAMELN,N01AH01
CAPC_96,1989011500,fentanyl,Fentanyl-Piramal,N01AH01
CAPC_96,1989011501,fentanyl,Fentanyl-Piramal,N01AH01
CAPC_97,2021070136,fesoterodine,Fesoterodine,G04BD11
CAPC_97,2021070137,fesoterodine,Fesoterodine,G04BD11
CAPC_9,2010040090,amifampridine,Firdapse,N07XX05
CAPC_99,2014090249,flecainide,Flecainide Retard EG,C01BC04
CAPC_99,2014090250,flecainide,Flecainide Retard EG,C01BC04
CAPC_99,2014090251,flecainide,Flecainide Retard EG,C01BC04
CAPC_70,2006038467,diclofenac,FLECTOR TISSUGEL,M02AA15
CAPC_110,2011071227,fluvoxamine,FLOXYFRAL,N06AB08
CAPC_106,2007069348,flupentixol,FLUANXOL,N05AF01
CAPC_106,2007069355,flupentixol,FLUANXOL DEPOT,N05AF01
CAPC_106,2007069353,flupentixol,FLUANXOL DEPOT,N05AF01
CAPC_104,2009010012,fluoxetine,FLUOXETINE EG,N06AB03
CAPC_104,1999030046,fluoxetine,Fluoxetine Viatris,N06AB03
CAPC_104,2012030038,fluoxetine,Fluoxetin-ratiopharm,N06AB03
CAPC_104,2012030039,fluoxetine,Fluoxetin-ratiopharm,N06AB03
CAPC_104,2002060059,fluoxetine,FLUOXONE DIVULE,N06AB03
CAPC_103,2006010008,fluorouracil,FLURACEDYL,L01BC02
CAPC_103,2006010007,fluorouracil,FLURACEDYL,L01BC02
CAPC_108,2017070225,flurbiprofen,Flurbiprofen EG,R02AX01
CAPC_108,2025020023,flurbiprofen,Flurbiprofen EG Spray Cerise et Menthe,R02AX01
CAPC_108,2023010004,flurbiprofen,Flurbiprofen-ratiopharm mit Honig- und Zitronengeschmack,R02AX01
CAPC_110,2005030036,fluvoxamine,FLUVOXAMINE EG,N06AB08
CAPC_50,2000085975,clobazam,Frisium,N05BA09
CAPC_50,2000085976,clobazam,Frisium,N05BA09
CAPC_180,1901018989,nitrofurantoin,FURADANTINE MC,J01XE01
CAPC_180,1901019991,nitrofurantoin,FURADANTINE MC,J01XE01
CAPC_195,2021030026,perampanel,Fycompa,N03AX22
CAPC_195,2012100121,perampanel,Fycompa,N03AX22
CAPC_195,2012100122,perampanel,Fycompa,N03AX22
CAPC_195,2012100117,perampanel,Fycompa,N03AX22
CAPC_195,2012100118,perampanel,Fycompa,N03AX22
CAPC_195,2012100119,perampanel,Fycompa,N03AX22
CAPC_195,2012100120,perampanel,Fycompa,N03AX22
CAPC_169,2011101308,nabumetone,GAMBARAN,M01AX01
CAPC_197,2011081247,phenobarbital,GARDENAL,N03AA02
CAPC_115,2023010005,gefitinib,Gefitinib EG,L01EB01
CAPC_115,2019070158,gefitinib,Gefitinib Teva,L01EB01
CAPC_257,2008060009,timolol,GELTIM,S01ED01
CAPC_123,2004010011,imatinib,GLIVEC,L01EA01
CAPC_123,2001110098,imatinib,GLIVEC,L01EA01
CAPC_123,2004010012,imatinib,GLIVEC,L01EA01
CAPC_53,2009110017,clopidogrel,GREPID-75,B01AC04
CAPC_266,1987090869,triazolam,HALCION,N05CD05
CAPC_266,1901019977,triazolam,HALCION,N05CD05
CAPC_117,2008089918,haloperidol,HALDOL,N05AD01
CAPC_117,2008089913,haloperidol,HALDOL,N05AD01
CAPC_117,2008089917,haloperidol,HALDOL,N05AD01
CAPC_117,2008089912,haloperidol,HALDOL DECANOAS,N05AD01
CAPC_117,2008089911,haloperidol,HALDOL DECANOAS,N05AD01
CAPC_213,2014090312,propranolol,Hemangiol,C07AA05
CAPC_125,2010030044,indacaterol,HIROBRIZ BREEZHALER,R03AC18
CAPC_125,2010030045,indacaterol,HIROBRIZ BREEZHALER,R03AC18
CAPC_120,2014090253,hydromorphone,Hydromorphon-hameln,N02AA03
CAPC_120,2014090252,hydromorphone,Hydromorphon-hameln,N02AA03
CAPC_121,2011080034,ibuprofen,IBU-LYSIN-RATIOPHARM,M01AE01
CAPC_121,2009060023,ibuprofen,IBU-LYSIN-ratiopharm 293,M01AE01
CAPC_121,2021110224,ibuprofen,Ibuprofen B.Braun,M01AE01
CAPC_121,2019070164,ibuprofen,Ibuprofen B.Braun,M01AE01
CAPC_121,2019070165,ibuprofen,Ibuprofen B.Braun,M01AE01
CAPC_121,2014040027,ibuprofen,Ibuprofen EG,M01AE01
CAPC_121,2005018639,ibuprofen,Ibuprofen EG,M01AE01
CAPC_121,2005018640,ibuprofen,Ibuprofen EG,M01AE01
CAPC_121,2008120043,ibuprofen,Ibuprofen Retard EG,M01AE01
CAPC_121,2024120374,ibuprofen,Ibuprofène Gen.Orph,C01EB16
CAPC_121,2004038176,ibuprofen,Ibu-ratiopharm,M01AE01
CAPC_121,2004038177,ibuprofen,Ibu-ratiopharm,M01AE01
CAPC_121,2007119544,ibuprofen,Ibu-ratiopharm 200mg akut Schmerztabletten,M01AE01
CAPC_121,2019050082,ibuprofen,Ibu-ratiopharm 400mg akut Schmerztabletten,M01AE01
CAPC_121,2007060040,ibuprofen,Ibu-ratiopharm Fiebersaft für Kinder,M01AE01
CAPC_123,2020080212,imatinib,Imatinib Accord,L01EA01
CAPC_123,2020080213,imatinib,Imatinib Accord,L01EA01
CAPC_123,2017040098,imatinib,Imatinib EG,L01EA01
CAPC_123,2017040099,imatinib,Imatinib EG,L01EA01
CAPC_123,2025030069,imatinib,Imatinib Eurogenerics,L01EA01
CAPC_123,2025030070,imatinib,Imatinib Eurogenerics,L01EA01
CAPC_123,2013120684,imatinib,Imatinib Medac 100mg,L01EA01
CAPC_123,2013120685,imatinib,Imatinib Medac 400mg,L01EA01
CAPC_123,2013080329,imatinib,Imatinib Teva 100mg,L01EA01
CAPC_123,2013080326,imatinib,Imatinib Teva 100mg,L01EA01
CAPC_123,2013080331,imatinib,Imatinib Teva 400mg,L01EA01
CAPC_123,2013080330,imatinib,Imatinib Teva 400mg,L01EA01
CAPC_284,2003027189,zopiclone,IMOVANE,N05CF01
CAPC_25,2008049750,azathioprine,IMURAN,L04AX01
CAPC_25,2008049749,azathioprine,IMURAN MITIS,L04AX01
CAPC_213,2007099452,propranolol,INDERAL,C07AA05
CAPC_213,2007099453,propranolol,INDERAL,C07AA05
CAPC_94,2021040054,fedratinib,Inrebic,L01EJ02
CAPC_96,2010010019,fentanyl,INSTANYL,N02AB03
CAPC_96,2010010020,fentanyl,INSTANYL,N02AB03
CAPC_96,2010010018,fentanyl,INSTANYL,N02AB03
CAPC_116,2017030042,guanfacine,INTUNIV,C02AC02
CAPC_116,2017030043,guanfacine,INTUNIV,C02AC02
CAPC_116,2017030044,guanfacine,INTUNIV,C02AC02
CAPC_116,2017030045,guanfacine,INTUNIV,C02AC02
CAPC_126,2013060182,irbesartan,Irbesartan EG,C09CA04
CAPC_126,2013060183,irbesartan,Irbesartan EG,C09CA04
CAPC_126,2010020066,irbesartan,IRBESARTAN TEVA-150,C09CA04
CAPC_126,2010020067,irbesartan,IRBESARTAN TEVA-300,C09CA04
CAPC_126,2010020065,irbesartan,IRBESARTAN TEVA-75,C09CA04
CAPC_126,2012100125,irbesartan,Irbesartan Viatris,C09CA04
CAPC_126,2012100126,irbesartan,Irbesartan Viatris,C09CA04
CAPC_126,2012100124,irbesartan,Irbesartan Viatris,C09CA04
CAPC_115,2009090101,gefitinib,IRESSA-250,L01EB01
CAPC_127,2024090252,irinotecan,Irinotecan Accord,L01CE02
CAPC_127,2010051786,irinotecan,Irinotecan Eugia,L01CE02
CAPC_127,2011040029,irinotecan,IRINOTECAN KABI,L01CE02
CAPC_53,2008040113,clopidogrel,ISCOVER,B01AC04
CAPC_53,2003107689,clopidogrel,ISCOVER,B01AC04
CAPC_218,2014120451,raltegravir,Isentress,J05AJ01
CAPC_218,2014120452,raltegravir,Isentress,J05AJ01
CAPC_218,2014120450,raltegravir,Isentress,J05AJ01
CAPC_218,2008010100,raltegravir,Isentress,J05AJ01
CAPC_218,2017100287,raltegravir,Isentress,J05AJ01
CAPC_130,2006040029,itraconazole,ITRACONAZOLE-EG-100,J02AC02
CAPC_17,2009090100,aprepitant,IVEMEND,A04AD12
CAPC_17,2010100101,aprepitant,IVEMEND,A04AD12
CAPC_230,2014120453,ruxolitinib,Jakavi,L01EJ01
CAPC_230,2012120101,ruxolitinib,Jakavi,L01EJ01
CAPC_230,2012120102,ruxolitinib,Jakavi,L01EJ01
CAPC_230,2012120100,ruxolitinib,Jakavi,L01EJ01
CAPC_230,2025040084,ruxolitinib,Jakavi,D11AH09
CAPC_34,2011040117,cabazitaxel,Jevtana,L01CD04
CAPC_126,2002106779,irbesartan,KARVEA,C09CA04
CAPC_126,2002106780,irbesartan,KARVEA,C09CA04
CAPC_126,2002106778,irbesartan,KARVEA,C09CA04
CAPC_188,2009040346,oxybutynin,KENTERA,G04BD04
CAPC_132,2007079389,ketamine,KETALAR,N01AX03
CAPC_42,2002106775,carvedilol,Kredex,C07AG02
CAPC_42,2002106776,carvedilol,Kredex,C07AG02
CAPC_134,2019110268,lacosamide,Lacosamide EG,N03AX18
CAPC_134,2019110269,lacosamide,Lacosamide EG,N03AX18
CAPC_134,2019110270,lacosamide,Lacosamide EG,N03AX18
CAPC_134,2019110267,lacosamide,Lacosamide EG,N03AX18
CAPC_142,2009010133,lorazepam,Lambutrix,N05BA06
CAPC_251,2009050331,terbinafine,LAMISIL,D01AE15
CAPC_251,2021040058,terbinafine,Lamisil Dermgel,D01AE15
CAPC_251,2007060046,terbinafine,LAMISIL ONCE,D01AE15
CAPC_251,2003118008,terbinafine,LAMISIL-250,D01BA02
CAPC_135,2005100023,lansoprazole,LANSOPRAZOLE EG,A02BC03
CAPC_135,2005100024,lansoprazole,LANSOPRAZOLE EG,A02BC03
CAPC_135,2015120201,lansoprazole,Lansoprazol-ratiopharm,A02BC03
CAPC_135,2015120202,lansoprazole,Lansoprazol-ratiopharm,A02BC03
CAPC_147,2014100326,lurasidone,Latuda,N05AE05
CAPC_147,2014100327,lurasidone,Latuda,N05AE05
CAPC_147,2014100328,lurasidone,Latuda,N05AE05
CAPC_157,2004118451,methotrexate,LEDERTREXATE,L04AX03
CAPC_157,2004118453,methotrexate,LEDERTREXATE,L04AX03
CAPC_157,2014060138,methotrexate,Ledertrexate,L04AX03
CAPC_157,2014060137,methotrexate,Ledertrexate,L04AX03
CAPC_157,2004118457,methotrexate,LEDERTREXATE CONCENTRATE,L04AX03
CAPC_54,2024120357,clozapine,Leponex,N05AH02
CAPC_54,2009100601,clozapine,LEPONEX-100,N05AH02
CAPC_54,2009100600,clozapine,LEPONEX-25,N05AH02
CAPC_109,2004108429,fluvastatin,Lescol Exel,C10AA04
CAPC_273,2003030004,vardenafil,LEVITRA,G04BE09
CAPC_273,2003030005,vardenafil,LEVITRA,G04BE09
CAPC_273,2003030003,vardenafil,LEVITRA,G04BE09
CAPC_273,2011050037,vardenafil,LEVITRA-10,G04BE09
CAPC_22,2010110025,atorvastatin,Lipitor,C10AA05
CAPC_22,2008019645,atorvastatin,Lipitor,C10AA05
CAPC_22,2010110026,atorvastatin,Lipitor,C10AA05
CAPC_22,2008019646,atorvastatin,Lipitor,C10AA05
CAPC_22,2010110027,atorvastatin,Lipitor,C10AA05
CAPC_22,2008019647,atorvastatin,Lipitor,C10AA05
CAPC_22,2010110024,atorvastatin,Lipitor,C10AA05
CAPC_22,2008019648,atorvastatin,Lipitor,C10AA05
CAPC_144,2007099461,losartan,LOORTAN,C09CA01
CAPC_144,2007099460,losartan,LOORTAN,C09CA01
CAPC_142,1997045157,lorazepam,LORAZEPAM EG,N05BA06
CAPC_142,1997095158,lorazepam,LORAZEPAM EG,N05BA06
CAPC_144,2010050062,losartan,LOSARTAN EG,C09CA01
CAPC_144,2010050061,losartan,LOSARTAN EG,C09CA01
CAPC_144,2023040097,losartan,Losartan Eurogenerics,C09CA01
CAPC_144,2023040094,losartan,Losartan Eurogenerics,C09CA01
CAPC_144,2023040095,losartan,Losartan Eurogenerics,C09CA01
CAPC_144,2023040096,losartan,Losartan Eurogenerics,C09CA01
CAPC_184,2006028429,omeprazole,Losec-Mups,A02BC01
CAPC_184,2006028430,omeprazole,Losec-Mups,A02BC01
CAPC_184,2006028431,omeprazole,Losec-Mups,A02BC01
CAPC_62,2012100131,desogestrel,Lueva,G03AC09
CAPC_198,2008049752,phenprocoumon,MARCOUMAR,B01AA04
CAPC_281,1999014806,warfarin,Marevan,B01AA03
CAPC_96,2011101313,fentanyl,MATRIFEN 100MCG/H,N02AB03
CAPC_96,2011101309,fentanyl,MATRIFEN 12MCG/H,N02AB03
CAPC_96,2011101310,fentanyl,MATRIFEN 25MCG/H,N02AB03
CAPC_96,2011101311,fentanyl,MATRIFEN 50MCG/H,N02AB03
CAPC_96,2011101312,fentanyl,MATRIFEN 75MCG/H,N02AB03
CAPC_159,2009070405,metoclopramide,MCP-ratiopharm,A03FA01
CAPC_159,2003037712,metoclopramide,MCP-ratiopharm SF,A03FA01
CAPC_154,2007070038,meloxicam,MELOXICAM EG,M01AC06
CAPC_156,1998034433,methadone,MEPHENON,N07BC02
CAPC_156,2024020018,methadone,Methasan,N07BC02
CAPC_156,2024020019,methadone,Methasan,N07BC02
CAPC_156,2024020020,methadone,Methasan,N07BC02
CAPC_156,2024020017,methadone,Methasan,N07BC02
CAPC_156,2024020021,methadone,Methasan,N07BC02
CAPC_160,2007029221,metoprolol,METOHEXAL-100,C07AB02
CAPC_160,2007029222,metoprolol,METOHEXAL-50,C07AB02
CAPC_162,2024090258,midazolam,Midazolam Aguettant,N05CD08
CAPC_162,2007020014,midazolam,Midazolam-B.BRAUN,N05CD08
CAPC_162,2007020013,midazolam,Midazolam-B.BRAUN,N05CD08
CAPC_163,2023020055,milnacipran,Milnacipran Micro Labs,N06AX17
CAPC_163,2023020056,milnacipran,Milnacipran Micro Labs,N06AX17
CAPC_165,2005040041,mirtazapine,Mirtazapine EG,N06AX11
CAPC_165,2005040042,mirtazapine,Mirtazapine EG,N06AX11
CAPC_165,2005040043,mirtazapine,Mirtazapine EG,N06AX11
CAPC_165,2004120012,mirtazapine,MIRTAZAPIN-RATIOPHARM,N06AX11
CAPC_165,2004120030,mirtazapine,MIRTAZAPIN-RATIOPHARM,N06AX11
CAPC_165,2004120013,mirtazapine,MIRTAZAPIN-RATIOPHARM,N06AX11
CAPC_165,2023080187,mirtazapine,Mirtazapin-ratiopharm_,N06AX11
CAPC_165,2023080188,mirtazapine,Mirtazapin-ratiopharm_,N06AX11
CAPC_165,2023080189,mirtazapine,Mirtazapin-ratiopharm_,N06AX11
CAPC_154,2010120910,meloxicam,MOBIC,M01AC06
CAPC_154,2010120891,meloxicam,MOBIC,M01AC06
CAPC_242,2009080015,tacrolimus,"MODIGRAF-0,2",L04AD02
CAPC_242,2009080016,tacrolimus,MODIGRAF-1,L04AD02
CAPC_168,2006038491,morphine,MORPHINE STEROP,N02AA01
CAPC_70,2002106914,diclofenac,MOTIFENE,M01AB05
CAPC_168,2005078269,morphine,MS CONTIN,N02AA01
CAPC_168,2005078273,morphine,MS CONTIN,N02AA01
CAPC_168,2005078271,morphine,MS CONTIN,N02AA01
CAPC_168,2005078272,morphine,MS CONTIN,N02AA01
CAPC_168,2002127018,morphine,MS DIRECT,N02AA01
CAPC_76,2009120111,dronedarone,MULTAQ,C01BD07
CAPC_251,2005060003,terbinafine,MYCONORMIN-250,D01BA02
CAPC_229,2019050096,rosuvastatin / ezetimibe,Myrosor,C10BA06
CAPC_229,2019050097,rosuvastatin / ezetimibe,Myrosor,C10BA06
CAPC_170,2008020004,naloxone,NALOXON B.BRAUN,V03AB15
CAPC_172,2006089004,naproxen,Naprosyne EC,M01AE02
CAPC_172,2006088956,naproxen,Naprosyne Enteric Coated,M01AE02
CAPC_172,1997105160,naproxen,NAPROXENE EG,M01AE02
CAPC_172,1997045161,naproxen,NAPROXENE EG,M01AE02
CAPC_268,2008039714,tropisetron,NAVOBAN,A04AA03
CAPC_268,2004098372,tropisetron,NAVOBAN,A04AA03
CAPC_268,2004098373,tropisetron,NAVOBAN,A04AA03
CAPC_173,2008060058,nebivolol,NEBIVOLOL EG,C07AB12
CAPC_55,2011091273,codeine,NEO-CODION,R05DA04
CAPC_55,2011091274,codeine,NEO-CODION ADULTES,R05DA04
CAPC_56,1993080413,cyclosporine,Neoral-Sandimmun 100mg,L04AD01
CAPC_56,1993080410,cyclosporine,Neoral-Sandimmun 100mg/ml,L04AD01
CAPC_56,1999070021,cyclosporine,Neoral-Sandimmun 10mg,L04AD01
CAPC_56,1993080411,cyclosporine,Neoral-Sandimmun 25mg,L04AD01
CAPC_56,1993080412,cyclosporine,Neoral-Sandimmun 50mg,L04AD01
CAPC_175,2017040113,nevirapine,Nevirapine Viatris,J05AG01
CAPC_87,2011051175,esomeprazole,NEXIAM 20 mg,A02BC05
CAPC_87,2011051176,esomeprazole,NEXIAM 40 mg,A02BC05
CAPC_87,2006028446,esomeprazole,NEXIAM IV,A02BC05
CAPC_87,2011051177,esomeprazole,NEXIAM-10,A02BC05
CAPC_87,2013120694,esomeprazole,Nexium Control,A02BC05
CAPC_176,2025020026,nicardipine,Nicardipine Aguettant,C08CA04
CAPC_129,2000086004,isoniazid,Nicotibine,J04AC01
CAPC_177,2024090260,nilotinib,Nilotinib EG,L01EA03
CAPC_177,2024090261,nilotinib,Nilotinib EG,L01EA03
CAPC_177,2024090259,nilotinib,Nilotinib EG,L01EA03
CAPC_177,2024090263,nilotinib,Nilotinib Viatris,L01EA03
CAPC_177,2024090264,nilotinib,Nilotinib Viatris,L01EA03
CAPC_177,2024090262,nilotinib,Nilotinib Viatris,L01EA03
CAPC_178,1998055264,nimodipine,Nimotop,C08CA06
CAPC_178,1998055263,nimodipine,Nimotop,C08CA06
CAPC_173,2011041087,nebivolol,NOBITEN,C07AB12
CAPC_245,2006099102,tamoxifen,NOLVADEX,L02BA01
CAPC_245,2006119101,tamoxifen,NOLVADEX D,L02BA01
CAPC_157,2018080248,methotrexate,Nordimet,L04AX03
CAPC_157,2018080256,methotrexate,Nordimet,L04AX03
CAPC_157,2018080249,methotrexate,Nordimet,L04AX03
CAPC_157,2018080257,methotrexate,Nordimet,L04AX03
CAPC_157,2018080250,methotrexate,Nordimet,L04AX03
CAPC_157,2018080258,methotrexate,Nordimet,L04AX03
CAPC_157,2018080251,methotrexate,Nordimet,L04AX03
CAPC_157,2018080259,methotrexate,Nordimet,L04AX03
CAPC_157,2018080252,methotrexate,Nordimet,L04AX03
CAPC_157,2018080260,methotrexate,Nordimet,L04AX03
CAPC_157,2018080253,methotrexate,Nordimet,L04AX03
CAPC_157,2018080261,methotrexate,Nordimet,L04AX03
CAPC_157,2018080254,methotrexate,Nordimet,L04AX03
CAPC_157,2018080262,methotrexate,Nordimet,L04AX03
CAPC_157,2018080247,methotrexate,Nordimet,L04AX03
CAPC_157,2018080255,methotrexate,Nordimet,L04AX03
CAPC_232,2005080022,salbutamol,NOVOLIZER SALBUTAMOL,R03AC02
CAPC_206,2014090322,posaconazole,Noxafil,J02AC04
CAPC_206,2014120458,posaconazole,Noxafil,J02AC04
CAPC_206,2005110006,posaconazole,Noxafil,J02AC04
CAPC_121,2014090205,ibuprofen,Nurofen 200 Fastcaps,M01AE01
CAPC_121,2014090203,ibuprofen,Nurofen 200 Soditabs,M01AE01
CAPC_121,2011041125,ibuprofen,NUROFEN 400 FASTCAPS,M01AE01
CAPC_121,2010080858,ibuprofen,NUROFEN 400 FASTTABS,M01AE01
CAPC_121,2014090204,ibuprofen,Nurofen 400 Soditabs,M01AE01
CAPC_121,2009080506,ibuprofen,NUROFEN COMPRIMES FONDANTS,M01AE01
CAPC_121,2010080859,ibuprofen,NUROFEN LYSINE,M01AE01
CAPC_121,2023100232,ibuprofen,Nurofen Minicaps,M01AE01
CAPC_121,2017040114,ibuprofen,Nurofen Patch,M02AA13
CAPC_121,2011091291,ibuprofen,NUROFEN POUR ENFANTS,M01AE01
CAPC_121,2017070240,ibuprofen,Nurofen pour Enfants,M01AE01
CAPC_121,2006110010,ibuprofen,Nurofen pour Enfants,M01AE01
CAPC_121,2010040753,ibuprofen,NUROFEN POUR ENFANTS 200,M01AE01
CAPC_121,2010040751,ibuprofen,NUROFEN POUR ENFANTS SANS SUCRE,M01AE01
CAPC_121,2010040752,ibuprofen,NUROFEN POUR ENFANTS SANS SUCRE ROUGE,M01AE01
CAPC_121,2010120026,ibuprofen,NUROFEN POUR ENFANTS SANS SUCRE ROUGE-4%,M01AE01
CAPC_121,2010120025,ibuprofen,NUROFEN POUR ENFANTS SANS SUCRE-4%,M01AE01
CAPC_121,2011041123,ibuprofen,NUROFEN-200,M01AE01
CAPC_121,2011041124,ibuprofen,NUROFEN-400,M01AE01
CAPC_170,2021090184,naloxone,Nyxoid,V03AB15
CAPC_183,2010100024,olanzapine,OLANZAPINE APOTEX-10,N05AH03
CAPC_183,2010100020,olanzapine,OLANZAPINE APOTEX-10,N05AH03
CAPC_183,2010100025,olanzapine,OLANZAPINE APOTEX-15,N05AH03
CAPC_183,2010100017,olanzapine,"OLANZAPINE APOTEX-2,5",N05AH03
CAPC_183,2010100026,olanzapine,OLANZAPINE APOTEX-20,N05AH03
CAPC_183,2010100018,olanzapine,OLANZAPINE APOTEX-5,N05AH03
CAPC_183,2010100019,olanzapine,"OLANZAPINE APOTEX-7,5",N05AH03
CAPC_183,2014090269,olanzapine,Olanzapine EG,N05AH03
CAPC_183,2014090267,olanzapine,Olanzapine EG,N05AH03
CAPC_183,2014090268,olanzapine,Olanzapine EG,N05AH03
CAPC_183,2010030067,olanzapine,OLANZAPINE GLENMARK EUROPE-10,N05AH03
CAPC_183,2010030068,olanzapine,OLANZAPINE GLENMARK EUROPE-15,N05AH03
CAPC_183,2010030069,olanzapine,OLANZAPINE GLENMARK EUROPE-20,N05AH03
CAPC_183,2010030066,olanzapine,OLANZAPINE GLENMARK EUROPE-5,N05AH03
CAPC_183,2010030063,olanzapine,OLANZAPINE GLENMARK-10,N05AH03
CAPC_183,2010030064,olanzapine,OLANZAPINE GLENMARK-15,N05AH03
CAPC_183,2010030060,olanzapine,"OLANZAPINE GLENMARK-2,5",N05AH03
CAPC_183,2010030065,olanzapine,OLANZAPINE GLENMARK-20,N05AH03
CAPC_183,2010030061,olanzapine,OLANZAPINE GLENMARK-5,N05AH03
CAPC_183,2010030062,olanzapine,"OLANZAPINE GLENMARK-7,5",N05AH03
CAPC_183,2014040037,olanzapine,Olanzapine Instant EG,N05AH03
CAPC_183,2014040036,olanzapine,Olanzapine Instant EG,N05AH03
CAPC_183,2008120014,olanzapine,OLANZAPINE MYLAN,N05AH03
CAPC_183,2008120015,olanzapine,OLANZAPINE MYLAN,N05AH03
CAPC_183,2008120011,olanzapine,OLANZAPINE MYLAN,N05AH03
CAPC_183,2008120016,olanzapine,OLANZAPINE MYLAN,N05AH03
CAPC_183,2008120012,olanzapine,OLANZAPINE MYLAN,N05AH03
CAPC_183,2008120013,olanzapine,OLANZAPINE MYLAN,N05AH03
CAPC_183,2008010043,olanzapine,Olanzapine Teva,N05AH03
CAPC_183,2008010039,olanzapine,Olanzapine Teva,N05AH03
CAPC_183,2008010044,olanzapine,Olanzapine Teva,N05AH03
CAPC_183,2008010045,olanzapine,Olanzapine Teva,N05AH03
CAPC_183,2008010042,olanzapine,Olanzapine Teva,N05AH03
CAPC_183,2008019037,olanzapine,Olanzapine Teva,N05AH03
CAPC_183,2008010040,olanzapine,Olanzapine Teva ,N05AH03
CAPC_183,2008010036,olanzapine,Olanzapine Teva ,N05AH03
CAPC_183,2008010041,olanzapine,Olanzapine Teva ,N05AH03
CAPC_183,2008010037,olanzapine,Olanzapine Teva ,N05AH03
CAPC_183,2010100023,olanzapine,OLANZAPINE-5,N05AH03
CAPC_183,2010030072,olanzapine,OLAZAX,N05AH03
CAPC_183,2010030073,olanzapine,OLAZAX,N05AH03
CAPC_183,2010030074,olanzapine,OLAZAX,N05AH03
CAPC_183,2010030070,olanzapine,OLAZAX,N05AH03
CAPC_183,2010030071,olanzapine,OLAZAX,N05AH03
CAPC_183,2010030077,olanzapine,OLAZAX DISPERZI,N05AH03
CAPC_183,2010030078,olanzapine,OLAZAX DISPERZI,N05AH03
CAPC_183,2010030079,olanzapine,OLAZAX DISPERZI,N05AH03
CAPC_183,2010030075,olanzapine,OLAZAX DISPERZI,N05AH03
CAPC_183,2010030076,olanzapine,OLAZAX DISPERZI,N05AH03
CAPC_184,2013110433,omeprazole,Omeprazole EG,A02BC01
CAPC_184,2013110434,omeprazole,Omeprazole EG,A02BC01
CAPC_184,2013110435,omeprazole,Omeprazole EG,A02BC01
CAPC_184,2011060042,omeprazole,Omeprazol-ratiopharm NT,A02BC01
CAPC_184,2011060043,omeprazole,Omeprazol-ratiopharm NT,A02BC01
CAPC_184,2011060044,omeprazole,Omeprazol-ratiopharm NT,A02BC01
CAPC_246,2010010680,tamsulosin,Omic Ocas,G04CA02
CAPC_125,2009120120,indacaterol,ONBREZ BREEZHALER,R03AC18
CAPC_125,2009129999,indacaterol,ONBREZ BREEZHALER,R03AC18
CAPC_125,2009129998,indacaterol,ONBREZ BREEZHALER-150MCG,R03AC18
CAPC_125,2009120121,indacaterol,ONBREZ BREEZHALER-300MCG,R03AC18
CAPC_185,2008120021,ondansetron,Ondansetron B.Braun,A04AA01
CAPC_185,2007090065,ondansetron,ONDANSETRON EG 8,A04AA01
CAPC_185,2023020057,ondansetron,Ondansetron Eugia,A04AA01
CAPC_185,2010120027,ondansetron,ONDANSETRON KABI-2MG/ML,A04AA01
CAPC_185,2007110064,ondansetron,ONDANSETRON-EG,A04AA01
CAPC_127,2017050161,irinotecan,ONIVYDE,L01CE02
CAPC_230,2023070169,ruxolitinib,Opzelura,D11AH09
CAPC_168,2006078940,morphine,ORAMORPH,N02AA01
CAPC_201,2008089907,pimozide,ORAP,N05AG02
CAPC_201,2008089908,pimozide,ORAP FORTE,N05AG02
CAPC_125,2010030082,indacaterol,OSLIF BREEZHALER,R03AC18
CAPC_125,2010030083,indacaterol,OSLIF BREEZHALER,R03AC18
CAPC_16,2015070127,apremilast,Otezla,L04AA32
CAPC_16,2015070126,apremilast,Otezla (Treatment Initiation Pack),L04AA32
CAPC_187,1997085163,oxazepam,OXAZEPAM EG,N05BA04
CAPC_188,2005030019,oxybutynin,OXYBUTYNINE EG-5,G04BD04
CAPC_189,2009080027,oxycodone,OxyNorm,N02AA05
CAPC_189,2008110045,oxycodone,OxyNorm Instant,N02AA05
CAPC_189,2008110043,oxycodone,OxyNorm Instant,N02AA05
CAPC_189,2008110044,oxycodone,OxyNorm Instant,N02AA05
CAPC_189,2024110318,oxycodone,Oxypro,N02AA05
CAPC_189,2024110319,oxycodone,Oxypro,N02AA05
CAPC_189,2024110320,oxycodone,Oxypro,N02AA05
CAPC_189,2024110317,oxycodone,Oxypro,N02AA05
CAPC_189,2024110321,oxycodone,Oxypro,N02AA05
CAPC_204,2022070150,pitolisant,Ozawade,N07XX11
CAPC_204,2022070149,pitolisant,Ozawade,N07XX11
CAPC_120,2011041069,hydromorphone,"PALLADONE IMMEDIATE RELEASE-2,6",N02AA03
CAPC_120,2001070023,hydromorphone,PALLADONE SLOW RELEASE,N02AA03
CAPC_120,2001070020,hydromorphone,PALLADONE SLOW RELEASE,N02AA03
CAPC_120,2001070021,hydromorphone,PALLADONE SLOW RELEASE,N02AA03
CAPC_190,2017030052,palonosetron,Palonosetron Accord,A04AA05
CAPC_191,2009110025,pamidronate,PAMIDRONATE DISODIQUE HOSPIRA,M05BA03
CAPC_191,2009110026,pamidronate,PAMIDRONATE DISODIQUE HOSPIRA,M05BA03
CAPC_191,2009110027,pamidronate,PAMIDRONATE DISODIQUE HOSPIRA,M05BA03
CAPC_191,2007010004,pamidronate,Pamidronate EG,M05BA03
CAPC_192,2008099007,pantoprazole,Pantomed,A02BC02
CAPC_192,2008090008,pantoprazole,Pantomed,A02BC02
CAPC_192,2008090009,pantoprazole,Pantomed,A02BC02
CAPC_192,2012100139,pantoprazole,Pantoprazol Sandoz,A02BC02
CAPC_192,2012100140,pantoprazole,Pantoprazol Sandoz,A02BC02
CAPC_192,2009080001,pantoprazole,PANTOPRAZOLE EG-20,A02BC02
CAPC_192,2009080002,pantoprazole,PANTOPRAZOLE EG-40,A02BC02
CAPC_192,2011050049,pantoprazole,Pantoprazole Viatris,A02BC02
CAPC_192,2011050050,pantoprazole,Pantoprazole Viatris,A02BC02
CAPC_192,2008110022,pantoprazole,Pantoprazol-ratiopharm,A02BC02
CAPC_192,2008110021,pantoprazole,Pantoprazol-ratiopharm,A02BC02
CAPC_192,2009110031,pantoprazole,PANTOZOL CONTROL,A02BC02
CAPC_192,2009020154,pantoprazole,PANTOZOL-20,A02BC02
CAPC_192,2009020155,pantoprazole,PANTOZOL-40,A02BC02
CAPC_217,2004028078,rabeprazole,PARIET,A02BC04
CAPC_217,2004028079,rabeprazole,PARIET,A02BC04
CAPC_193,2003100016,paroxetine,PAROXETINE EG,N06AB05
CAPC_193,2010050084,paroxetine,PAROXETINE EG-10,N06AB05
CAPC_193,2010050085,paroxetine,PAROXETINE EG-20,N06AB05
CAPC_193,2010050086,paroxetine,PAROXETINE EG-30,N06AB05
CAPC_193,2010050087,paroxetine,PAROXETINE EG-40,N06AB05
CAPC_193,2001120012,paroxetine,Paroxetine Viatris,N06AB05
CAPC_193,2003110011,paroxetine,Paroxetine Viatris,N06AB05
CAPC_193,2012050047,paroxetine,Paroxetin-ratiopharm,N06AB05
CAPC_179,2022030059,nirmatrelvir / ritonavir,Paxlovid,J05AE30
CAPC_194,2022030063,pazopanib,Pazopanib EG,L01EX03
CAPC_194,2022030064,pazopanib,Pazopanib EG,L01EX03
CAPC_194,2024060154,pazopanib,Pazopanib Viatris,L01EX03
CAPC_194,2024060155,pazopanib,Pazopanib Viatris,L01EX03
CAPC_121,2004110001,ibuprofen,PEDEA,C01EB16
CAPC_240,2018010065,solifenacin,Pelvicare,G04BD08
CAPC_240,2018010064,solifenacin,Pelvicare,G04BD08
CAPC_121,2008099940,ibuprofen,PERDOFEMINA,M01AE01
CAPC_121,2008099941,ibuprofen,Perdophen,M01AE01
CAPC_35,2009110022,caffeine,Peyona,N06BC01
CAPC_202,2007060016,piroxicam,PIROXICAM EG,M01AC01
CAPC_202,2007060014,piroxicam,PIROXICAM EG,M01AC01
CAPC_53,2008040112,clopidogrel,PLAVIX,B01AC04
CAPC_53,2003107688,clopidogrel,PLAVIX,B01AC04
CAPC_206,2021070143,posaconazole,Posaconazole Accord,J02AC04
CAPC_153,2009010116,meclizine,Postafene,R06AE05
CAPC_6,2015110159,alirocumab,Praluent,C10AX14
CAPC_6,2022120248,alirocumab,Praluent,C10AX14
CAPC_6,2015110158,alirocumab,Praluent,C10AX14
CAPC_208,2009030060,pravastatin,PRAREDUCT-10,C10AA03
CAPC_208,2009059057,pravastatin,PRAREDUCT-20,C10AA03
CAPC_208,2009050058,pravastatin,PRAREDUCT-40,C10AA03
CAPC_208,2020040101,pravastatin,Pravasor,C10AA03
CAPC_208,2005100059,pravastatin,Pravastatine EG,C10AA03
CAPC_208,2005100060,pravastatin,Pravastatine EG,C10AA03
CAPC_102,1986100348,fluindione,PREVISCAN,B01AA12
CAPC_60,2007020100,darunavir,PREZISTA,J05AE10
CAPC_60,2009030028,darunavir,PREZISTA,J05AE10
CAPC_60,2009030029,darunavir,PREZISTA,J05AE10
CAPC_60,2013040070,darunavir,PREZISTA,J05AE10
CAPC_60,2013010250,darunavir,Prezista,J05AE10
CAPC_60,2009080056,darunavir,PREZISTA-150,J05AE10
CAPC_60,2009089055,darunavir,PREZISTA-75,J05AE10
CAPC_57,2013040121,dapoxetine,Priligy,G04BX14
CAPC_57,2013040122,dapoxetine,Priligy,G04BX14
CAPC_159,2000085836,metoclopramide,Primperan,A03FA01
CAPC_159,2000085834,metoclopramide,Primperan,A03FA01
CAPC_159,2000085835,metoclopramide,Primperan,A03FA01
CAPC_131,2006020021,ivabradine,PROCORALAN,C01EB17
CAPC_131,2006020022,ivabradine,PROCORALAN,C01EB17
CAPC_121,1985030258,ibuprofen,proff Schmerzcreme,M02AA13
CAPC_242,2009019096,tacrolimus,PROGRAFT,L04AD02
CAPC_242,2009019097,tacrolimus,PROGRAFT,L04AD02
CAPC_242,2009019098,tacrolimus,PROGRAFT,L04AD02
CAPC_242,2009019099,tacrolimus,PROGRAFT,L04AD02
CAPC_159,2008099954,metoclopramide,PROKINYL LP,A03FA01
CAPC_212,2001040046,propofol,Propofol Baxter,N01AX10
CAPC_212,2011040047,propofol,Propofol Baxter,N01AX10
CAPC_212,2010020715,propofol,PROPOFOL-LIPURO,N01AX10
CAPC_212,2002040022,propofol,PROPOFOL-LIPURO,N01AX10
CAPC_212,2009060038,propofol,Propofol-Lipuro,N01AX10
CAPC_212,2010040766,propofol,Propolipid 1%,N01AX10
CAPC_212,2010040767,propofol,Propolipid 2%,N01AX10
CAPC_213,2005018646,propranolol,PROPRANOLOL EG,C07AA05
CAPC_213,2005018647,propranolol,PROPRANOLOL EG RETARD,C07AA05
CAPC_242,2002049014,tacrolimus,PROTOPIC,D11AH01
CAPC_242,2002049015,tacrolimus,PROTOPIC,D11AH01
CAPC_167,1997070463,modafinil,PROVIGIL,N06BA07
CAPC_104,2009060415,fluoxetine,PROZAC,N06AB03
CAPC_155,2005038703,mercaptopurine,PURI-NETHOL,L01BB02
CAPC_215,2014090281,quetiapine,Quetiapine EG,N05AH04
CAPC_215,2014090282,quetiapine,Quetiapine EG,N05AH04
CAPC_215,2014090280,quetiapine,Quetiapine EG,N05AH04
CAPC_215,2014090283,quetiapine,Quetiapine EG,N05AH04
CAPC_215,2017040133,quetiapine,Quetiapine Retard EG,N05AH04
CAPC_215,2017040134,quetiapine,Quetiapine Retard EG,N05AH04
CAPC_215,2017040135,quetiapine,Quetiapine Retard EG,N05AH04
CAPC_215,2017040131,quetiapine,Quetiapine Retard EG,N05AH04
CAPC_219,2009030105,ranolazine,RANEXA,C01EB18
CAPC_219,2009030106,ranolazine,RANEXA,C01EB18
CAPC_219,2009030107,ranolazine,RANEXA,C01EB18
CAPC_246,2013060201,tamsulosin,Ranomax,G04CA02
CAPC_220,2018010049,rasagiline,Rasagilin Micro Labs,N04BD02
CAPC_220,2016110322,rasagiline,Rasagiline EG,N04BD02
CAPC_220,2016110354,rasagiline,Rasagiline Mylan,N04BD02
CAPC_40,2018080239,cariprazine,Reagila,N05AX15
CAPC_40,2018080240,cariprazine,Reagila,N05AX15
CAPC_40,2018080241,cariprazine,Reagila,N05AX15
CAPC_40,2018080242,cariprazine,Reagila,N05AX15
CAPC_96,2012050061,fentanyl,Recorfen,N02AB03
CAPC_96,2012050058,fentanyl,Recorfen,N02AB03
CAPC_96,2012050059,fentanyl,Recorfen,N02AB03
CAPC_96,2012050060,fentanyl,Recorfen,N02AB03
CAPC_11,2011091255,amitriptyline,REDOMEX,N06AA09
CAPC_11,2011091256,amitriptyline,REDOMEX,N06AA09
CAPC_80,2007069300,eletriptan,Relert,N02CC06
CAPC_80,2007069301,eletriptan,Relert,N02CC06
CAPC_165,2002090040,mirtazapine,REMERGON SOLTAB,N06AX11
CAPC_165,2002090041,mirtazapine,REMERGON SOLTAB,N06AX11
CAPC_165,2002090042,mirtazapine,REMERGON SOLTAB,N06AX11
CAPC_114,2008099966,galantamine,REMINYL,N06DA04
CAPC_114,2008099967,galantamine,REMINYL,N06DA04
CAPC_114,2010080823,galantamine,REMINYL,N06DA04
CAPC_114,2010080824,galantamine,REMINYL,N06DA04
CAPC_114,2008099968,galantamine,REMINYL,N06DA04
CAPC_92,2015110156,evolocumab,Repatha,C10AX13
CAPC_92,2015110155,evolocumab,Repatha,C10AX13
CAPC_236,2013010057,sildenafil,Revatio,G04BE03
CAPC_236,2006010014,sildenafil,Revatio,G04BE03
CAPC_82,2010049100,eltrombopag,REVOLADE,B02BX05
CAPC_82,2010040101,eltrombopag,REVOLADE,B02BX05
CAPC_82,2013120441,eltrombopag,Revolade,B02BX05
CAPC_20,2009020300,atazanavir,REYATAZ,J05AE08
CAPC_20,2009020298,atazanavir,REYATAZ,J05AE08
CAPC_20,2009020299,atazanavir,REYATAZ,J05AE08
CAPC_20,2008040111,atazanavir,REYATAZ,J05AE08
CAPC_20,2009020301,atazanavir,REYATAZ,J05AE08
CAPC_225,2001040022,risperidone,RISPERDAL,N05AX08
CAPC_225,2004058265,risperidone,RISPERDAL,N05AX08
CAPC_225,2008089904,risperidone,RISPERDAL,N05AX08
CAPC_225,2004058266,risperidone,RISPERDAL,N05AX08
CAPC_225,2004058267,risperidone,RISPERDAL,N05AX08
CAPC_225,2004058268,risperidone,RISPERDAL,N05AX08
CAPC_225,2008089903,risperidone,RISPERDAL,N05AX08
CAPC_225,2004010026,risperidone,RISPERDAL CONSTA,N05AX08
CAPC_225,2004010027,risperidone,RISPERDAL CONSTA,N05AX08
CAPC_225,2004010028,risperidone,RISPERDAL CONSTA,N05AX08
CAPC_225,2021050080,risperidone,Risperidon ratiopharm,N05AX08
CAPC_225,2021050081,risperidone,Risperidon ratiopharm,N05AX08
CAPC_225,2021050082,risperidone,Risperidon ratiopharm,N05AX08
CAPC_225,2009110040,risperidone,RISPERIDONE EG,N05AX08
CAPC_225,2009110046,risperidone,RISPERIDONE EG,N05AX08
CAPC_225,2009110041,risperidone,RISPERIDONE EG,N05AX08
CAPC_225,2009110042,risperidone,RISPERIDONE EG,N05AX08
CAPC_225,2009110043,risperidone,RISPERIDONE EG,N05AX08
CAPC_225,2009110044,risperidone,RISPERIDONE EG,N05AX08
CAPC_225,2010110059,risperidone,RISPERIDONE HEXAL RAPID,N05AX08
CAPC_226,2023010008,rivaroxaban,Rivaroxaban EG,B01AF01
CAPC_226,2023010009,rivaroxaban,Rivaroxaban EG,B01AF01
CAPC_226,2023050110,rivaroxaban,Rivaroxaban EG,B01AF01
CAPC_226,2023010011,rivaroxaban,Rivaroxaban EG,B01AF01
CAPC_226,2023050112,rivaroxaban,Rivaroxaban EG,B01AF01
CAPC_226,2023010007,rivaroxaban,Rivaroxaban EG,B01AF01
CAPC_226,2023010010,rivaroxaban,Rivaroxaban EG,B01AF01
CAPC_226,2023050111,rivaroxaban,Rivaroxaban EG,B01AF01
CAPC_226,2021050077,rivaroxaban,Rivaroxaban Micro Labs,B01AF01
CAPC_226,2021050078,rivaroxaban,Rivaroxaban Micro Labs,B01AF01
CAPC_226,2021050079,rivaroxaban,Rivaroxaban Micro Labs,B01AF01
CAPC_226,2024010005,rivaroxaban,Rivaroxaban Teva,B01AF01
CAPC_226,2024010006,rivaroxaban,Rivaroxaban Teva,B01AF01
CAPC_226,2024010004,rivaroxaban,Rivaroxaban Teva,B01AF01
CAPC_226,2024010007,rivaroxaban,Rivaroxaban Teva,B01AF01
CAPC_226,2023050120,rivaroxaban,Rivaroxaban Viatris,B01AF01
CAPC_226,2023050121,rivaroxaban,Rivaroxaban Viatris,B01AF01
CAPC_226,2023050123,rivaroxaban,Rivaroxaban Viatris,B01AF01
CAPC_226,2023050119,rivaroxaban,Rivaroxaban Viatris,B01AF01
CAPC_226,2023050122,rivaroxaban,Rivaroxaban Viatris,B01AF01
CAPC_52,2011031002,clonazepam,RIVOTRIL,N03AE01
CAPC_52,2011031000,clonazepam,RIVOTRIL,N03AE01
CAPC_52,2011031001,clonazepam,RIVOTRIL,N03AE01
CAPC_228,2021120254,rosuvastatin,Rosuvastatin Micro Labs,C10AA07
CAPC_228,2015120239,rosuvastatin,Rosuvastatine EG,C10AA07
CAPC_228,2015120240,rosuvastatin,Rosuvastatine EG,C10AA07
CAPC_228,2015120241,rosuvastatin,Rosuvastatine EG,C10AA07
CAPC_228,2015120238,rosuvastatin,Rosuvastatine EG,C10AA07
CAPC_228,2013120649,rosuvastatin,Rosuvastatine Viatris,C10AA07
CAPC_228,2013120650,rosuvastatin,Rosuvastatine Viatris,C10AA07
CAPC_228,2013120651,rosuvastatin,Rosuvastatine Viatris,C10AA07
CAPC_228,2013120648,rosuvastatin,Rosuvastatine Viatris,C10AA07
CAPC_228,2016060217,rosuvastatin,Rosuvastatin-ratiopharm,C10AA07
CAPC_228,2016060218,rosuvastatin,Rosuvastatin-ratiopharm,C10AA07
CAPC_228,2016060216,rosuvastatin,Rosuvastatin-ratiopharm,C10AA07
CAPC_176,2011010959,nicardipine,RYDENE IV,C08CA04
CAPC_211,2000066217,propafenone,RYTMONORM,C01BC03
CAPC_211,1998104734,propafenone,RYTMONORM,C01BC03
CAPC_126,2012100159,irbesartan,Sabervel,C09CA04
CAPC_126,2012100160,irbesartan,Sabervel,C09CA04
CAPC_126,2012100158,irbesartan,Sabervel,C09CA04
CAPC_56,1983090382,cyclosporine,Sandimmun,L04AD01
CAPC_184,2004050038,omeprazole,SEDACID,A02BC01
CAPC_184,2004050039,omeprazole,SEDACID,A02BC01
CAPC_160,2009110616,metoprolol,SELOKEN,C07AB02
CAPC_160,2009110615,metoprolol,SELOKEN,C07AB02
CAPC_160,1994122981,metoprolol,SELOZOK,C07AB02
CAPC_160,2005080008,metoprolol,SELOZOK,C07AB02
CAPC_160,1994122980,metoprolol,SELOZOK,C07AB02
CAPC_168,2018010054,morphine,Sendolor,N02AA01
CAPC_168,2018010057,morphine,Sendolor,N02AA01
CAPC_168,2018010055,morphine,Sendolor,N02AA01
CAPC_168,2018010058,morphine,Sendolor,N02AA01
CAPC_168,2018010056,morphine,Sendolor,N02AA01
CAPC_168,2018010059,morphine,Sendolor,N02AA01
CAPC_233,2011111328,salmeterol,SEREVENT EVOHALER,R03AC12
CAPC_233,2003107734,salmeterol,SEREVENT-50-DISKUS,R03AC12
CAPC_235,2011010936,sertraline,Serlain,N06AB06
CAPC_235,2011010935,sertraline,Serlain,N06AB06
CAPC_215,2010010630,quetiapine,SEROQUEL,N05AH04
CAPC_215,2010010633,quetiapine,SEROQUEL,N05AH04
CAPC_215,2010010629,quetiapine,SEROQUEL,N05AH04
CAPC_215,2010010631,quetiapine,SEROQUEL,N05AH04
CAPC_215,2008040020,quetiapine,SEROQUEL XR,N05AH04
CAPC_215,2008040021,quetiapine,SEROQUEL XR,N05AH04
CAPC_215,2008040022,quetiapine,SEROQUEL XR,N05AH04
CAPC_215,2008040019,quetiapine,SEROQUEL XR,N05AH04
CAPC_193,2011041083,paroxetine,Seroxat,N06AB05
CAPC_193,2011041084,paroxetine,Seroxat,N06AB05
CAPC_235,2005100108,sertraline,SERTRALINE EG,N06AB06
CAPC_235,2005100107,sertraline,SERTRALINE EG,N06AB06
CAPC_235,2013110420,sertraline,Sertraline Viatris,N06AB06
CAPC_235,2013110419,sertraline,Sertraline Viatris,N06AB06
CAPC_235,2005080053,sertraline,SERTRALIN-RATIOPHARM,N06AB06
CAPC_235,2005080052,sertraline,SERTRALIN-RATIOPHARM,N06AB06
CAPC_236,2014060167,sildenafil,Sildenafil AB,G04BE03
CAPC_236,2014060165,sildenafil,Sildenafil AB,G04BE03
CAPC_236,2014060166,sildenafil,Sildenafil AB,G04BE03
CAPC_236,2010030108,sildenafil,SILDENAFIL ACTAVIS,G04BE03
CAPC_236,2010030106,sildenafil,SILDENAFIL ACTAVIS,G04BE03
CAPC_236,2010030107,sildenafil,SILDENAFIL ACTAVIS,G04BE03
CAPC_236,2014060170,sildenafil,Sildenafil EG,G04BE03
CAPC_236,2014060168,sildenafil,Sildenafil EG,G04BE03
CAPC_236,2014060169,sildenafil,Sildenafil EG,G04BE03
CAPC_236,2010040065,sildenafil,SILDENAFIL RATIOPHARM,G04BE03
CAPC_236,2010040063,sildenafil,SILDENAFIL RATIOPHARM,G04BE03
CAPC_236,2010040064,sildenafil,SILDENAFIL RATIOPHARM,G04BE03
CAPC_236,2010030111,sildenafil,SILDENAFIL TEVA,G04BE03
CAPC_236,2010030109,sildenafil,SILDENAFIL TEVA,G04BE03
CAPC_236,2010030110,sildenafil,SILDENAFIL TEVA,G04BE03
CAPC_236,2013110423,sildenafil,Sildenafil Viatris,G04BE03
CAPC_236,2013110421,sildenafil,Sildenafil Viatris,G04BE03
CAPC_236,2013110422,sildenafil,Sildenafil Viatris,G04BE03
CAPC_236,2013120658,sildenafil,Sildenon,G04BE03
CAPC_236,2013120656,sildenafil,Sildenon,G04BE03
CAPC_236,2013120657,sildenafil,Sildenon,G04BE03
CAPC_237,2001120021,simvastatin,Simvastatin Sandoz,C10AA01
CAPC_237,2007020018,simvastatin,Simvastatine EG,C10AA01
CAPC_237,2007020019,simvastatin,Simvastatine EG,C10AA01
CAPC_237,2004060028,simvastatin,Simvastatine Viatris,C10AA01
CAPC_237,2004060026,simvastatin,Simvastatine Viatris ,C10AA01
CAPC_237,2004060027,simvastatin,Simvastatine Viatris ,C10AA01
CAPC_237,2011090049,simvastatin,Simvastatin-ratiopharm,C10AA01
CAPC_237,2011090050,simvastatin,Simvastatin-ratiopharm,C10AA01
CAPC_237,2011090051,simvastatin,Simvastatin-ratiopharm,C10AA01
CAPC_237,2011090052,simvastatin,Simvastatin-ratiopharm,C10AA01
CAPC_2,1996043461,acenocoumarol,Sintrom,B01AA07
CAPC_2,1986070256,acenocoumarol,Sintrom,B01AA07
CAPC_86,2007069295,escitalopram,SIPRALEXA,N06AB10
CAPC_86,2007069296,escitalopram,SIPRALEXA,N06AB10
CAPC_86,2007069297,escitalopram,SIPRALEXA,N06AB10
CAPC_86,2007069294,escitalopram,SIPRALEXA,N06AB10
CAPC_258,1986110393,tizanidine,SIRDALUD,M03BX02
CAPC_70,2003070004,diclofenac,SOLARAZE,D11AX18
CAPC_240,2018010063,solifenacin,Solifenacine EG,G04BD08
CAPC_240,2018010062,solifenacin,Solifenacine EG,G04BD08
CAPC_240,2016060222,solifenacin,Solifenacine Viatris,G04BD08
CAPC_240,2016060221,solifenacin,Solifenacine Viatris,G04BD08
CAPC_240,2016110328,solifenacin,Solifenacin-ratiopharm,G04BD08
CAPC_240,2016110327,solifenacin,Solifenacin-ratiopharm,G04BD08
CAPC_192,2009120037,pantoprazole,SOMAC CONTROL,A02BC02
CAPC_23,2013120575,avanafil,Spedra,G04BE10
CAPC_23,2013120576,avanafil,Spedra,G04BE10
CAPC_23,2013120574,avanafil,Spedra,G04BE10
CAPC_121,2011051165,ibuprofen,Spidifen,M01AE01
CAPC_121,2011051163,ibuprofen,Spidifen,M01AE01
CAPC_121,2011091290,ibuprofen,Spidifen,M01AE01
CAPC_121,2016040085,ibuprofen,Spidifen,M01AE01
CAPC_130,2002016306,itraconazole,SPORANOX,J02AC02
CAPC_130,2008089906,itraconazole,SPORANOX,J02AC02
CAPC_222,2013100363,regorafenib,Stivarga,L01EX05
CAPC_78,2009040322,efavirenz,STOCRIN,J05AG03
CAPC_78,2009040320,efavirenz,STOCRIN,J05AG03
CAPC_78,2009040319,efavirenz,STOCRIN,J05AG03
CAPC_21,2010020700,atomoxetine,STRATTERA,N06BA09
CAPC_21,2010020706,atomoxetine,STRATTERA,N06BA09
CAPC_21,2010020701,atomoxetine,STRATTERA,N06BA09
CAPC_21,2010020702,atomoxetine,STRATTERA,N06BA09
CAPC_21,2010020703,atomoxetine,STRATTERA,N06BA09
CAPC_21,2010020704,atomoxetine,STRATTERA,N06BA09
CAPC_21,2010020705,atomoxetine,STRATTERA,N06BA09
CAPC_108,2010040068,flurbiprofen,STREPFEN,R02AX01
CAPC_108,2024040097,flurbiprofen,Strepfen Miel & Eucalyptus,R02AX01
CAPC_108,2013010042,flurbiprofen,Strepfen Sans Sucre,R02AX01
CAPC_108,2015040094,flurbiprofen,Strepfen Spray,R02AX01
CAPC_108,2020040105,flurbiprofen,Strepfen Spray Miel et Citron,R02AX01
CAPC_108,2024050138,flurbiprofen,Strepfenflur,R02AX01
CAPC_31,1998070044,buprenorphine,SUBUTEX,N07BC01
CAPC_31,1998070045,buprenorphine,SUBUTEX,N07BC01
CAPC_31,1998070046,buprenorphine,SUBUTEX,N07BC01
CAPC_242,2023080185,tacrolimus,Sumilor,D11AH01
CAPC_241,2022040072,sunitinib,Sunitinib EG,L01EX01
CAPC_241,2022040073,sunitinib,Sunitinib EG,L01EX01
CAPC_241,2022040075,sunitinib,Sunitinib EG,L01EX01
CAPC_241,2021100209,sunitinib,Sunitinib Synthon,L01EX01
CAPC_241,2021100210,sunitinib,Sunitinib Synthon,L01EX01
CAPC_241,2021100211,sunitinib,Sunitinib Synthon,L01EX01
CAPC_241,2021100212,sunitinib,Sunitinib Synthon,L01EX01
CAPC_241,2018110357,sunitinib,Sunitinib Teva,L01EX01
CAPC_241,2018110358,sunitinib,Sunitinib Teva,L01EX01
CAPC_241,2018110359,sunitinib,Sunitinib Teva,L01EX01
CAPC_241,2018110360,sunitinib,Sunitinib Teva,L01EX01
CAPC_241,2006099007,sunitinib,SUTENT,L01EX01
CAPC_241,2006090007,sunitinib,SUTENT,L01EX01
CAPC_241,2009120039,sunitinib,SUTENT,L01EX01
CAPC_241,2006090009,sunitinib,SUTENT,L01EX01
CAPC_19,2011030038,asenapine,SYCREST,N05AH05
CAPC_19,2011030037,asenapine,SYCREST,N05AH05
CAPC_243,2020110323,tadalafil,Tadalafil EG,G04BE08
CAPC_243,2020110324,tadalafil,Tadalafil EG,G04BE08
CAPC_243,2020110322,tadalafil,Tadalafil EG,G04BE08
CAPC_243,2018010071,tadalafil,Tadalafil Eurogenerics,G04BE08
CAPC_243,2018010072,tadalafil,Tadalafil Eurogenerics,G04BE08
CAPC_243,2018010070,tadalafil,Tadalafil Eurogenerics,G04BE08
CAPC_243,2008110023,tadalafil,TADALAFIL LILLY,G04BE08
CAPC_243,2022010018,tadalafil,Tadalafil Micro Labs,G04BE08
CAPC_243,2022010016,tadalafil,Tadalafil Micro Labs,G04BE08
CAPC_243,2022010019,tadalafil,Tadalafil Micro Labs,G04BE08
CAPC_243,2022010017,tadalafil,Tadalafil Micro Labs,G04BE08
CAPC_243,2022010020,tadalafil,Tadalafil Micro Labs PAH,G04BE08
CAPC_243,2017110332,tadalafil,Tadalafil Mylan,G04BE08
CAPC_243,2017110334,tadalafil,Tadalafil Mylan,G04BE08
CAPC_243,2017110333,tadalafil,Tadalafil Mylan,G04BE08
CAPC_243,2017110335,tadalafil,Tadalafil Mylan,G04BE08
CAPC_242,2018110361,tacrolimus,Takrozem,D11AH01
CAPC_99,2008110055,flecainide,TAMBOCOR,C01BC04
CAPC_99,2008119054,flecainide,TAMBOCOR,C01BC04
CAPC_246,2014120434,tamsulosin,Tamsulosine EG,G04CA02
CAPC_246,2005100079,tamsulosin,Tamsulosine EG,G04CA02
CAPC_246,2009010149,tamsulosin,TAMSULOSINE HCL YAMANOUCHI PHARMA,G04CA02
CAPC_246,2006050022,tamsulosin,Tamsulosin-ratiopharm,G04CA02
CAPC_85,2005100094,erlotinib,TARCEVA,L01EB02
CAPC_85,2005100095,erlotinib,TARCEVA,L01EB02
CAPC_85,2005100093,erlotinib,TARCEVA,L01EB02
CAPC_177,2011030044,nilotinib,Tasigna,L01EA03
CAPC_177,2008010029,nilotinib,Tasigna,L01EA03
CAPC_177,2018090283,nilotinib,Tasigna,L01EA03
CAPC_39,2004098423,carbamazepine,Tegretol,N03AF01
CAPC_39,2002100202,carbamazepine,Tegretol,N03AF01
CAPC_39,2002100203,carbamazepine,Tegretol CR,N03AF01
CAPC_39,2002100204,carbamazepine,Tegretol CR,N03AF01
CAPC_111,2004080201,fosamprenavir,TELZIR,J05AE07
CAPC_111,2009050417,fosamprenavir,TELZIR,J05AE07
CAPC_142,2006058570,lorazepam,TEMESTA,N05BA06
CAPC_142,2006058571,lorazepam,TEMESTA,N05BA06
CAPC_142,2006058572,lorazepam,TEMESTA EXPIDET,N05BA06
CAPC_142,2006058573,lorazepam,TEMESTA EXPIDET,N05BA06
CAPC_31,2011091259,buprenorphine,Temgesic,N02AE01
CAPC_31,2011091258,buprenorphine,Temgesic Sublingualis,N02AE01
CAPC_248,2013070231,tegafur / gimeracil / oteracil,Teysuno,L01BC53
CAPC_248,2013070232,tegafur / gimeracil / oteracil,Teysuno,L01BC53
CAPC_256,2021100204,ticagrelor,Ticagrelor EG,B01AC24
CAPC_256,2021100205,ticagrelor,Ticagrelor EG,B01AC24
CAPC_250,1998124776,tenoxicam,TILCOTIL,M01AC02
CAPC_257,2011071183,timolol,TIMABAK,S01ED01
CAPC_257,2011080185,timolol,TIMABAK,S01ED01
CAPC_257,2008079851,timolol,Timo-COMOD,S01ED01
CAPC_257,2006109050,timolol,TIMOLOL-FALCON,S01ED01
CAPC_257,1995090381,timolol,TIMOPTOLGEL,S01ED01
CAPC_257,1995090382,timolol,TIMOPTOLGEL,S01ED01
CAPC_72,2017050167,dolutegravir,Tivicay,J05AJ03
CAPC_72,2017050168,dolutegravir,Tivicay,J05AJ03
CAPC_72,2021040047,dolutegravir,Tivicay,J05AJ03
CAPC_72,2014020005,dolutegravir,Tivicay,J05AJ03
CAPC_260,2018110365,tolperisone,Tolpermyo,M03BX04
CAPC_260,2018110364,tolperisone,Tolpermyo,M03BX04
CAPC_261,2013080328,tolterodine,Tolterodin-ratiopharm,G04BD07
CAPC_249,2007120100,temsirolimus,Torisel,L01EG01
CAPC_22,2012010051,atorvastatin,Totalip,C10AA05
CAPC_22,2012010052,atorvastatin,Totalip,C10AA05
CAPC_22,2012010053,atorvastatin,Totalip,C10AA05
CAPC_22,2012010054,atorvastatin,Totalip,C10AA05
CAPC_55,1998034342,codeine,TOULARYNX CODEINE,R05DA04
CAPC_67,1994040165,dextromethorphan and promethazine,Toularynx Dextromethorphan,R05DA09
CAPC_67,2017040144,dextromethorphan and promethazine,Toularynx dextromethorphan forte,R05DA09
CAPC_67,2017040145,dextromethorphan and promethazine,Toularynx Dextromethorphan Goût d'eucalyptus,R05DA09
CAPC_97,2007109100,fesoterodine,TOVIAZ,G04BD11
CAPC_97,2007100101,fesoterodine,TOVIAZ,G04BD11
CAPC_18,2023060137,aripiprazole,Tractiva,N05AX12
CAPC_18,2023060138,aripiprazole,Tractiva,N05AX12
CAPC_18,2023060139,aripiprazole,Tractiva,N05AX12
CAPC_18,2023060140,aripiprazole,Tractiva,N05AX12
CAPC_18,2023060136,aripiprazole,Tractiva,N05AX12
CAPC_264,2015120259,tramadol and acetaminophen,Tramadol/Paracetamol Denk,N02AJ13
CAPC_264,2013060213,tramadol and acetaminophen,Tramadol/Paracetamol EG,N02AJ13
CAPC_133,2008029685,labetalol,TRANDATE,C07AG01
CAPC_133,2008029684,labetalol,TRANDATE,C07AG01
CAPC_133,2008029686,labetalol,TRANDATE,C07AG01
CAPC_31,2002040002,buprenorphine,TRANSTEC 35MCG/H,N02AE01
CAPC_31,2002040003,buprenorphine,"TRANSTEC 52,5MCG/H",N02AE01
CAPC_31,2002040004,buprenorphine,TRANSTEC 70MCG/H,N02AE01
CAPC_265,2013120666,trazodone,Trazodone EG,N06AX05
CAPC_231,2022010008,sacituzumab govitecan,Trodelvy,L01FX17
CAPC_261,2012120226,tolterodine,Urolina,G04BD07
CAPC_261,2012120227,tolterodine,Urolina,G04BD07
CAPC_4,2009080008,agomelatine,VALDOXAN,N06AX22
CAPC_69,2006058556,diazepam,VALIUM,N05BA01
CAPC_69,2006058554,diazepam,VALIUM,N05BA01
CAPC_69,2006058555,diazepam,VALIUM,N05BA01
CAPC_271,2008040008,valproic acid / divalproex,VALPROATE RETARD EG,N03AG01
CAPC_271,2008040009,valproic acid / divalproex,VALPROATE RETARD EG,N03AG01
CAPC_272,2011110075,valsartan,Valsartan EG,C09CA03
CAPC_272,2011110076,valsartan,Valsartan EG,C09CA03
CAPC_272,2011110074,valsartan,Valsartan EG,C09CA03
CAPC_272,2010100058,valsartan,VALSARTAN RATIOPHARM,C09CA03
CAPC_272,2011080058,valsartan,VALSARTAN RATIOPHARM,C09CA03
CAPC_272,2010100057,valsartan,VALSARTAN RATIOPHARM,C09CA03
CAPC_223,2020080229,remdesivir,Veklury,J05AB16
CAPC_188,2021110223,oxybutynin,Velariq,G04BD04
CAPC_274,2018010082,venlafaxine,Venlafaxine EG,N06AX16
CAPC_274,2018010080,venlafaxine,Venlafaxine EG,N06AX16
CAPC_274,2018010081,venlafaxine,Venlafaxine EG,N06AX16
CAPC_274,2021090188,venlafaxine,Venlafaxin-ratiopharm,N06AX16
CAPC_274,2012090079,venlafaxine,Venlafaxin-ratiopharm,N06AX16
CAPC_274,2021090186,venlafaxine,Venlafaxin-ratiopharm,N06AX16
CAPC_274,2012090077,venlafaxine,Venlafaxin-ratiopharm,N06AX16
CAPC_274,2021090187,venlafaxine,Venlafaxin-ratiopharm,N06AX16
CAPC_274,2012090078,venlafaxine,Venlafaxin-ratiopharm,N06AX16
CAPC_232,2009020256,salbutamol,VENTOLIN,R03CC02
CAPC_232,2009020257,salbutamol,VENTOLIN,R03CC02
CAPC_232,2009020258,salbutamol,VENTOLIN,R03AC02
CAPC_232,2009020259,salbutamol,VENTOLIN-100 INHALATEUR SANS CFC,R03AC02
CAPC_232,2009050436,salbutamol,VENTOLIN-200-DISKUS,R03AC02
CAPC_236,2013040137,sildenafil,Verventi,G04BE03
CAPC_236,2013040135,sildenafil,Verventi,G04BE03
CAPC_236,2013040136,sildenafil,Verventi,G04BE03
CAPC_240,2016040100,solifenacin,Vesicare,G04BD08
CAPC_240,2011031049,solifenacin,Vesicare,G04BD08
CAPC_240,2011031050,solifenacin,Vesicare,G04BD08
CAPC_188,2018110367,oxybutynin,VESOXX,G04BD04
CAPC_279,2007059286,voriconazole,VFEND,J02AC03
CAPC_279,2007059287,voriconazole,VFEND,J02AC03
CAPC_279,2004030112,voriconazole,VFEND,J02AC03
CAPC_279,2007059288,voriconazole,VFEND,J02AC03
CAPC_236,2003117764,sildenafil,VIAGRA,G04BE03
CAPC_236,2003117762,sildenafil,VIAGRA,G04BE03
CAPC_236,2013070230,sildenafil,VIAGRA,G04BE03
CAPC_236,2003117763,sildenafil,VIAGRA,G04BE03
CAPC_67,2013110427,dextromethorphan and promethazine,Vicks Toux Sèche,R05DA09
CAPC_67,2011090069,dextromethorphan and promethazine,Vicks Toux Sèche,R05DA09
CAPC_134,2013080258,lacosamide,VIMPAT,N03AX18
CAPC_134,2008110017,lacosamide,VIMPAT,N03AX18
CAPC_134,2008110015,lacosamide,VIMPAT,N03AX18
CAPC_134,2008110012,lacosamide,VIMPAT-100,N03AX18
CAPC_134,2008110013,lacosamide,VIMPAT-150,N03AX18
CAPC_134,2008110014,lacosamide,VIMPAT-200,N03AX18
CAPC_134,2008110011,lacosamide,VIMPAT-50,N03AX18
CAPC_175,2011100104,nevirapine,VIRAMUNE,J05AG01
CAPC_175,2008039720,nevirapine,VIRAMUNE,J05AG01
CAPC_175,2011100105,nevirapine,VIRAMUNE,J05AG01
CAPC_175,2011100103,nevirapine,VIRAMUNE,J05AG01
CAPC_175,2003027092,nevirapine,VIRAMUNE,J05AG01
CAPC_236,2009120046,sildenafil,VIZARSIN-100,G04BE03
CAPC_236,2009120044,sildenafil,VIZARSIN-25,G04BE03
CAPC_236,2009120045,sildenafil,VIZARSIN-50,G04BE03
CAPC_70,2008049767,diclofenac,Voltaren,M01AB05
CAPC_70,2002100205,diclofenac,Voltaren,M01AB05
CAPC_70,2008049768,diclofenac,Voltaren Emulgel,M02AA15
CAPC_70,2013120670,diclofenac,Voltaren Emulgel Forte,M02AA15
CAPC_70,2011041074,diclofenac,VOLTAREN OPHTA SINE,S01BC03
CAPC_70,2024030083,diclofenac,Voltaren Patch Once Daily,M02AA15
CAPC_70,2008049766,diclofenac,Voltaren Retard,M01AB05
CAPC_279,2024070187,voriconazole,Voriconazol EG,J02AC03
CAPC_279,2020020028,voriconazole,Voriconazol Renantos,J02AC03
CAPC_279,2013120569,voriconazole,Voriconazole Accord,J02AC03
CAPC_279,2013120568,voriconazole,Voriconazole Accord,J02AC03
CAPC_279,2014040064,voriconazole,Voriconazole Teva,J02AC03
CAPC_279,2016040102,voriconazole,Voriconazole Teva,J02AC03
CAPC_279,2014040063,voriconazole,Voriconazole Teva,J02AC03
CAPC_194,2010070101,pazopanib,VOTRIENT,L01EX03
CAPC_194,2010070102,pazopanib,VOTRIENT,L01EX03
CAPC_91,2011100102,everolimus,Votubia,L01EG02
CAPC_91,2014070182,everolimus,Votubia,L01EG02
CAPC_91,2011100100,everolimus,Votubia,L01EG02
CAPC_91,2014070183,everolimus,Votubia,L01EG02
CAPC_91,2011100101,everolimus,Votubia,L01EG02
CAPC_91,2014070184,everolimus,Votubia,L01EG02
CAPC_204,2016110357,pitolisant,Wakix,N07XX11
CAPC_204,2016110356,pitolisant,Wakix,N07XX11
CAPC_32,2007090029,bupropion,WELLBUTRIN XR,N06AX12
CAPC_32,2007090030,bupropion,WELLBUTRIN XR,N06AX12
CAPC_155,2012100132,mercaptopurine,Xaluprine,L01BB02
CAPC_8,2007079357,alprazolam,Xanax,N05BA12
CAPC_8,2007079358,alprazolam,Xanax,N05BA12
CAPC_8,2007079356,alprazolam,Xanax,N05BA12
CAPC_8,2007079359,alprazolam,Xanax,N05BA12
CAPC_8,2007079360,alprazolam,Xanax,N05BA12
CAPC_8,2007079361,alprazolam,Xanax Retard,N05BA12
CAPC_8,2007079362,alprazolam,Xanax Retard,N05BA12
CAPC_8,2007079363,alprazolam,Xanax Retard,N05BA12
CAPC_8,2007079364,alprazolam,Xanax Retard,N05BA12
CAPC_226,2021080176,rivaroxaban,Xarelto,B01AF01
CAPC_226,2008110024,rivaroxaban,Xarelto,B01AF01
CAPC_226,2012010300,rivaroxaban,Xarelto,B01AF01
CAPC_226,2018020105,rivaroxaban,Xarelto,B01AF01
CAPC_226,2012010301,rivaroxaban,Xarelto,B01AF01
CAPC_5,2003037178,alfuzosin,XATRAL UNO,G04CA01
CAPC_38,2006028404,capecitabine,Xeloda,L01BC06
CAPC_38,2006028405,capecitabine,Xeloda,L01BC06
CAPC_83,2013120573,enzalutamide,Xtandi,L02BB04
CAPC_83,2019030025,enzalutamide,Xtandi,L02BB04
CAPC_77,2009070479,duloxetine,YENTREVE,N06AX21
CAPC_77,2009070480,duloxetine,YENTREVE,N06AX21
CAPC_183,2007119022,olanzapine,ZALASTA,N05AH03
CAPC_183,2007110027,olanzapine,ZALASTA,N05AH03
CAPC_183,2007110022,olanzapine,ZALASTA,N05AH03
CAPC_183,2007110028,olanzapine,ZALASTA,N05AH03
CAPC_183,2007110019,olanzapine,ZALASTA,N05AH03
CAPC_183,2007110024,olanzapine,ZALASTA,N05AH03
CAPC_183,2007110029,olanzapine,ZALASTA,N05AH03
CAPC_183,2007110020,olanzapine,ZALASTA,N05AH03
CAPC_183,2007110025,olanzapine,ZALASTA,N05AH03
CAPC_183,2007110021,olanzapine,ZALASTA,N05AH03
CAPC_183,2007110026,olanzapine,ZALASTA,N05AH03
CAPC_264,2003010017,tramadol and acetaminophen,ZALDIAR,N02AJ13
CAPC_237,2011031037,simvastatin,Zocor,C10AA01
CAPC_237,2011031036,simvastatin,Zocor,C10AA01
CAPC_185,2007019172,ondansetron,ZOFRAN ZYDIS,A04AA01
CAPC_283,2011050090,zonisamide,ZONEGRAN,N03AX15
CAPC_283,2006060022,zonisamide,ZONEGRAN,N03AX15
CAPC_283,2011050088,zonisamide,ZONEGRAN,N03AX15
CAPC_283,2006060020,zonisamide,ZONEGRAN,N03AX15
CAPC_283,2011050091,zonisamide,ZONEGRAN,N03AX15
CAPC_283,2011050089,zonisamide,ZONEGRAN,N03AX15
CAPC_283,2006060021,zonisamide,ZONEGRAN,N03AX15
CAPC_283,2016110360,zonisamide,Zonisamide Viatris,N03AX15
CAPC_283,2016110358,zonisamide,Zonisamide Viatris,N03AX15
CAPC_283,2016110359,zonisamide,Zonisamide Viatris,N03AX15
CAPC_284,2008029680,zopiclone,ZOPICLONE EG,N05CF01
CAPC_284,2024100299,zopiclone,ZOPICLONE GRINDEKS,N05CF01
CAPC_284,2024100300,zopiclone,ZOPICLONE GRINDEKS,N05CF01
CAPC_284,2024100301,zopiclone,ZOPICLONE GRINDEKS,N05CF01
CAPC_53,2009120047,clopidogrel,ZOPYA,B01AC04
CAPC_32,2010050796,bupropion,ZYBAN,N06AX12
CAPC_53,2009120048,clopidogrel,ZYLAGREN,B01AC04
CAPC_53,2009120049,clopidogrel,ZYLLT,B01AC04
CAPC_7,1992062478,allopurinol,Zyloric,M04AA01
CAPC_7,1992062479,allopurinol,Zyloric,M04AA01
CAPC_183,2009010045,olanzapine,ZYPADHERA,N05AH03
CAPC_183,2009010046,olanzapine,ZYPADHERA,N05AH03
CAPC_183,2009010047,olanzapine,ZYPADHERA,N05AH03
CAPC_183,2006099999,olanzapine,ZYPREXA,N05AH03
CAPC_183,2002050101,olanzapine,ZYPREXA,N05AH03
CAPC_183,2006099027,olanzapine,ZYPREXA,N05AH03
CAPC_183,2006099023,olanzapine,ZYPREXA,N05AH03
CAPC_183,2001010041,olanzapine,ZYPREXA,N05AH03
CAPC_183,2006099024,olanzapine,ZYPREXA,N05AH03
CAPC_183,2006099025,olanzapine,ZYPREXA,N05AH03
CAPC_183,2006099029,olanzapine,ZYPREXA VELOTAB,N05AH03
CAPC_183,2006099030,olanzapine,ZYPREXA VELOTAB,N05AH03
CAPC_183,2006099031,olanzapine,ZYPREXA VELOTAB,N05AH03
CAPC_183,2006099028,olanzapine,ZYPREXA VELOTAB,N05AH03
