drug_code,related_drug_code,drug_name,related_drug_name,matched_atc_code
CAPC_242,EMEA/H/C/002655,tacrolimus,Envarsus,L04AD02
CAPC_242,EMEA/H/C/000712,tacrolimus,Advagraf,L04AD02
CAPC_18,EMEA/H/C/004021,aripiprazole,Aripiprazole Accord,N05AX12
CAPC_83,EMEA/H/C/002639,enzalutamide,Xtandi,L02BB04
CAPC_242,EMEA/H/C/004435,tacrolimus,Tacforius,L04AD02
CAPC_230,EMEA/H/C/002464,ruxolitinib,Jakavi,L01EJ01
CAPC_84,EMEA/H/C/006050,erdafitinib,Balversa,L01EN01
CAPC_1,EMEA/H/C/005452,abrocitinib,Cibinqo,D11AH08
CAPC_126,EMEA/H/C/000142,irbesartan,Karvea,C09CA04
CAPC_179,EMEA/H/C/005973,nirmatrelvir / ritonavir,Paxlovid,J05AE30
CAPC_155,EMEA/H/C/002022,mercaptopurine,Xaluprine (previously Mercaptopurine Nova Laboratories),L01BB02
CAPC_77,EMEA/H/C/003981,duloxetine,Duloxetine Viatris (previously Duloxetine Mylan),N06AX21
CAPC_126,EMEA/H/C/000141,irbesartan,Aprovel,C09CA04
CAPC_222,EMEA/H/C/002573,regorafenib,Stivarga,L01EX05
CAPC_205,EMEA/H/C/005163,ponesimod,Ponvory,L04AE04
CAPC_239,EMEA/H/C/000273,sirolimus,Rapamune,L04AH01
CAPC_82,EMEA/H/C/006459,eltrombopag,Eltrombopag Accord,B02BX05
CAPC_87,EMEA/H/C/002618,esomeprazole,Nexium Control,A02BC05
CAPC_126,EMEA/H/C/000785,irbesartan,Irbesartan Zentiva (previously Irbesartan Winthrop),C09CA04
CAPC_26,EMEA/H/C/002293,azilsartan,Edarbi,C09CA09
CAPC_126,EMEA/H/C/001093,irbesartan,Irbesartan Teva,C09CA04
CAPC_60,EMEA/H/C/004273,darunavir,Darunavir Krka,J05AE10
CAPC_183,EMEA/H/C/000961,olanzapine,Olanzapine Viatris (previously Olanzapine Mylan),N05AH03
CAPC_283,EMEA/H/C/004127,zonisamide,Zonisamide Viatris (previously Zonisamide Mylan),N03AX15
CAPC_15,EMEA/H/C/005358,apixaban,Apixaban Accord,B01AF02
CAPC_243,EMEA/H/C/003787,tadalafil,Tadalafil Mylan,G04BE08
CAPC_82,EMEA/H/C/006417,eltrombopag,Eltrombopag Viatris,B02BX05
CAPC_206,EMEA/H/C/005028,posaconazole,Posaconazole AHCL,J02AC04
CAPC_206,EMEA/H/C/005005,posaconazole,Posaconazole Accord,J02AC04
CAPC_279,EMEA/H/C/003737,voriconazole,Voriconazole Hikma (previously Voriconazole Hospira),J02AC03
CAPC_273,EMEA/H/C/000475,vardenafil,Levitra,G04BE09
CAPC_236,EMEA/H/C/004186,sildenafil,Mysildecard,G04BE03
CAPC_81,EMEA/H/C/003724,eliglustat,Cerdelga,A16AX10
CAPC_137,EMEA/H/C/001129,leflunomide,Leflunomide Zentiva (previously Leflunomide Winthrop),L04AK01
CAPC_31,EMEA/H/C/006188,buprenorphine,Buprenorphine Neuraxpharm,N07BC01
CAPC_60,EMEA/H/C/004068,darunavir,Darunavir Viatris (previously Darunavir Mylan),J05AE10
CAPC_98,EMEA/H/C/002202,fingolimod,Gilenya,L04AE01
CAPC_220,EMEA/H/C/004064,rasagiline,Rasagiline Viatris (previously Rasagiline Mylan),N04BD02
CAPC_59,EMEA/H/C/000554,darifenacin,Emselex,G04BD10
CAPC_4,EMEA/H/C/000915,agomelatine,Valdoxan,N06AX22
CAPC_16,EMEA/H/C/006193,apremilast,Apremilast Viatris,L04AA32
CAPC_183,EMEA/H/C/000287,olanzapine,Zyprexa Velotab,N05AH03
CAPC_9,EMEA/H/C/001032,amifampridine,Firdapse (previously Zenas),N07XX05
CAPC_116,EMEA/H/C/006312,guanfacine,Paxneury,C02AC02
CAPC_147,EMEA/H/C/002713,lurasidone,Latuda,N05AE05
CAPC_206,EMEA/H/C/000610,posaconazole,Noxafil,J02AC04
CAPC_121,EMEA/H/C/000549,ibuprofen,Pedea,C01EB16
CAPC_123,EMEA/H/C/000406,imatinib,Glivec,L01EA01
CAPC_248,EMEA/H/C/001242,tegafur / gimeracil / oteracil,Teysuno,L01BC53
CAPC_131,EMEA/H/C/000598,ivabradine,Corlentor,C01EB17
CAPC_6,EMEA/H/C/003882,alirocumab,Praluent,C10AX14
CAPC_150,EMEA/H/C/000811,maraviroc,Celsentri,J05AX09
CAPC_177,EMEA/H/C/000798,nilotinib,Tasigna,L01EA03
CAPC_30,EMEA/H/C/003898,brivaracetam,Briviact (in Italy: Nubriveo),N03AX23
CAPC_127,EMEA/H/C/004125,irinotecan,Onivyde pegylated liposomal (previously Onivyde),L01CE02
CAPC_77,EMEA/H/C/003935,duloxetine,Duloxetine Zentiva,N06AX21
CAPC_82,EMEA/H/C/001110,eltrombopag,Revolade,B02BX05
CAPC_125,EMEA/H/C/001210,indacaterol,Oslif Breezhaler,R03AC18
CAPC_125,EMEA/H/C/001114,indacaterol,Onbrez Breezhaler,R03AC18
CAPC_125,EMEA/H/C/001211,indacaterol,Hirobriz Breezhaler,R03AC18
CAPC_204,EMEA/H/C/005117,pitolisant,Ozawade,N07XX11
CAPC_186,EMEA/H/C/002780,ospemifene,Senshio,G03XC05
CAPC_85,EMEA/H/C/000618,erlotinib,Tarceva,L01EB02
CAPC_25,EMEA/H/C/005055,azathioprine,Jayempi,L04AX01
CAPC_136,EMEA/H/C/006074,lazertinib,Lazcluze,L01EB09
CAPC_162,EMEA/H/C/002267,midazolam,Buccolam,N05CD08
CAPC_38,EMEA/H/C/002386,capecitabine,Capecitabine Accord,L01BC06
CAPC_242,EMEA/H/C/000954,tacrolimus,Modigraf,L04AD02
CAPC_137,EMEA/H/C/002035,leflunomide,Leflunomide ratiopharm,L04AK01
CAPC_121,EMEA/H/C/006129,ibuprofen,Ibuprofen Gen.Orph,C01EB16
CAPC_183,EMEA/H/C/000890,olanzapine,Zypadhera,N05AH03
CAPC_157,EMEA/H/C/003756,methotrexate,Jylamvo,L04AX03
CAPC_16,EMEA/H/C/003746,apremilast,Otezla,L04AA32
CAPC_137,EMEA/H/C/001227,leflunomide,Leflunomide medac,L04AK01
CAPC_175,EMEA/H/C/000183,nevirapine,Viramune,J05AG01
CAPC_226,EMEA/H/C/005600,rivaroxaban,Rivaroxaban Viatris (previously Rivaroxaban Mylan),B01AF01
CAPC_20,EMEA/H/C/000494,atazanavir,Reyataz,J05AE08
CAPC_183,EMEA/H/C/000115,olanzapine,Zyprexa,N05AH03
CAPC_53,EMEA/H/C/000975,clopidogrel,Clopidogrel Zentiva (previously Clopidogrel Winthrop),B01AC04
CAPC_134,EMEA/H/C/006047,lacosamide,Lacosamide Adroiq,N03AX18
CAPC_188,EMEA/H/C/000532,oxybutynin,Kentera (previously Oxybutynin Nicobrand),G04BD04
CAPC_83,EMEA/H/C/006299,enzalutamide,Enzalutamide Viatris,L02BB04
CAPC_96,EMEA/H/C/000833,fentanyl,Effentora,N02AB03
CAPC_123,EMEA/H/C/002681,imatinib,Imatinib Accord,L01EA01
CAPC_128,EMEA/H/C/002734,isavuconazonium,Cresemba,J02AC05
CAPC_123,EMEA/H/C/002585,imatinib,Imatinib Teva,L01EA01
CAPC_18,EMEA/H/C/004008,aripiprazole,Aripiprazole Sandoz,N05AX12
CAPC_35,EMEA/H/C/001014,caffeine,Peyona (previously Nymusa),N06BC01
CAPC_226,EMEA/H/C/000944,rivaroxaban,Xarelto,B01AF01
CAPC_177,EMEA/H/C/006315,nilotinib,Nilotinib Accord,L01EA03
CAPC_243,EMEA/H/C/004666,tadalafil,Tadalafil Lilly,G04BE08
CAPC_243,EMEA/H/C/000436,tadalafil,Cialis,G04BE08
CAPC_96,EMEA/H/C/000959,fentanyl,Instanyl,N02AB03
CAPC_92,EMEA/H/C/003766,evolocumab,Repatha,C10AX13
CAPC_131,EMEA/H/C/004241,ivabradine,Ivabradine Accord,C01EB17
CAPC_76,EMEA/H/C/001043,dronedarone,Multaq,C01BD07
CAPC_236,EMEA/H/C/000202,sildenafil,Viagra,G04BE03
CAPC_157,EMEA/H/C/003983,methotrexate,Nordimet,L04AX03
CAPC_137,EMEA/H/C/000235,leflunomide,Arava,L04AK01
CAPC_40,EMEA/H/C/002770,cariprazine,Reagila,N05AX15
CAPC_164,EMEA/H/C/002388,mirabegron,Betmiga,G04BD12
CAPC_207,EMEA/H/C/000984,prasugrel,Efient,B01AC22
CAPC_183,EMEA/H/C/000810,olanzapine,Olanzapine Teva,N05AH03
CAPC_236,EMEA/H/C/000638,sildenafil,Revatio,G04BE03
CAPC_53,EMEA/H/C/000174,clopidogrel,Plavix,B01AC04
CAPC_20,EMEA/H/C/004048,atazanavir,Atazanavir Viatris (previously Atazanavir Mylan),J05AE08
CAPC_15,EMEA/H/C/002148,apixaban,Eliquis,B01AF02
CAPC_225,EMEA/H/C/005406,risperidone,Okedi,N05AX08
CAPC_53,EMEA/H/C/000175,clopidogrel,Iscover,B01AC04
CAPC_221,EMEA/H/C/000331,rasburicase,Fasturtec,V03AF07
CAPC_279,EMEA/H/C/002669,voriconazole,Voriconazole Accord,J02AC03
CAPC_31,EMEA/H/C/004651,buprenorphine,Buvidal,N07BC01
CAPC_256,EMEA/H/C/001241,ticagrelor,Brilique,B01AC24
CAPC_90,EMEA/H/C/006007,etrasimod,Velsipity,L04AE05
CAPC_34,EMEA/H/C/005178,cabazitaxel,Cabazitaxel Accord,L01CD04
CAPC_60,EMEA/H/C/000707,darunavir,Prezista,J05AE10
CAPC_134,EMEA/H/C/000863,lacosamide,Vimpat,N03AX18
CAPC_190,EMEA/H/C/004129,palonosetron,Palonosetron Accord,A04AA05
CAPC_94,EMEA/H/C/005026,fedratinib,Inrebic,L01EJ02
CAPC_77,EMEA/H/C/004000,duloxetine,Duloxetine Lilly,N06AX21
CAPC_77,EMEA/H/C/000572,duloxetine,Cymbalta,N06AX21
CAPC_77,EMEA/H/C/000545,duloxetine,Yentreve,N06AX21
CAPC_243,EMEA/H/C/001021,tadalafil,Adcirca (previously Tadalafil Lilly),G04BE08
CAPC_18,EMEA/H/C/002755,aripiprazole,Abilify Maintena,N05AX12
CAPC_116,EMEA/H/C/003759,guanfacine,Intuniv,C02AC02
CAPC_96,EMEA/H/C/001164,fentanyl,PecFent,N02AB03
CAPC_241,EMEA/H/C/005419,sunitinib,Sunitinib Accord,L01EX01
CAPC_18,EMEA/H/C/003803,aripiprazole,Aripiprazole Mylan Pharma (previously Aripiprazole Pharmathen),N05AX12
CAPC_3,EMEA/H/C/006013,adagrasib,Krazati,L01XX77
CAPC_16,EMEA/H/C/006208,apremilast,Apremilast Accord,L04AA32
CAPC_218,EMEA/H/C/000860,raltegravir,Isentress,J05AJ01
CAPC_23,EMEA/H/C/002581,avanafil,Spedra,G04BE10
CAPC_17,EMEA/H/C/000527,aprepitant,Emend,A04AD12
CAPC_134,EMEA/H/C/005243,lacosamide,Lacosamide UCB,N03AX18
CAPC_219,EMEA/H/C/000805,ranolazine,Ranexa (previously Latixa),C01EB18
CAPC_279,EMEA/H/C/000387,voriconazole,Vfend,J02AC03
CAPC_31,EMEA/H/C/004743,buprenorphine,Sixmo,N07BC01
CAPC_241,EMEA/H/C/000687,sunitinib,Sutent,L01EX01
CAPC_53,EMEA/H/C/004006,clopidogrel,Clopidogrel ratiopharm,B01AC04
CAPC_158,EMEA/H/C/002108,methylene blue,Methylthioninium chloride Proveblue,V03AB17
CAPC_78,EMEA/H/C/000249,efavirenz,Sustiva,J05AG03
CAPC_183,EMEA/H/C/000792,olanzapine,Zalasta,N05AH03
CAPC_17,EMEA/H/C/000743,aprepitant,Ivemend,A04AD12
CAPC_95,EMEA/H/C/002559,fenofibrate / simvastatin,Cholib,C10BA04
CAPC_53,EMEA/H/C/001136,clopidogrel,Clopidogrel TAD,B01AC04
CAPC_29,EMEA/H/C/003841,brexpiprazole,Rxulti,N05AX16
CAPC_97,EMEA/H/C/000723,fesoterodine,Toviaz,G04BD11
CAPC_53,EMEA/H/C/001053,clopidogrel,Clopidogrel Teva (hydrogen sulphate),B01AC04
CAPC_53,EMEA/H/C/001058,clopidogrel,Zyllt,B01AC04
CAPC_18,EMEA/H/C/003899,aripiprazole,Aripiprazole Zentiva,N05AX12
CAPC_275,EMEA/H/C/001215,vernakalant,Brinavess,C01BG11
CAPC_242,EMEA/H/C/000374,tacrolimus,Protopic,D11AH01
CAPC_38,EMEA/H/C/002362,capecitabine,Capecitabine Teva,L01BC06
CAPC_204,EMEA/H/C/002616,pitolisant,Wakix,N07XX11
CAPC_35,EMEA/H/C/005435,caffeine,Gencebok,N06BC01
CAPC_207,EMEA/H/C/004644,prasugrel,Prasugrel Viatris (previously Prasugrel Mylan),B01AC22
CAPC_280,EMEA/H/C/002717,vortioxetine,Brintellix,N06AX26
CAPC_53,EMEA/H/C/001059,clopidogrel,Grepid,B01AC04
CAPC_131,EMEA/H/C/004187,ivabradine,Ivabradine Anpharm,C01EB17
CAPC_131,EMEA/H/C/000597,ivabradine,Procoralan,C01EB17
CAPC_53,EMEA/H/C/001189,clopidogrel,Clopidogrel Viatris (previously Clopidogrel Taw Pharma),B01AC04
CAPC_53,EMEA/H/C/001134,clopidogrel,Clopidogrel Taw Pharma (previously Clopidogrel Mylan),B01AC04
CAPC_53,EMEA/H/C/001056,clopidogrel,Clopidogrel Krka,B01AC04
CAPC_236,EMEA/H/C/001090,sildenafil,Sildenafil Actavis,G04BE03
CAPC_243,EMEA/H/C/004297,tadalafil,Talmanco (previously Tadalafil Generics),G04BE08
CAPC_195,EMEA/H/C/002434,perampanel,Fycompa,N03AX22
CAPC_123,EMEA/H/C/005595,imatinib,Imatinib Koanaa,L01EA01
CAPC_226,EMEA/H/C/005279,rivaroxaban,Rivaroxaban Accord,B01AF01
CAPC_38,EMEA/H/C/002605,capecitabine,Ecansya (previously Capecitabine Krka),L01BC06
CAPC_220,EMEA/H/C/000574,rasagiline,Azilect,N04BD02
CAPC_134,EMEA/H/C/004443,lacosamide,Lacosamide Accord,N03AX18
CAPC_131,EMEA/H/C/004117,ivabradine,Ivabradine Zentiva,C01EB17
CAPC_18,EMEA/H/C/005929,aripiprazole,Asimtufii,N05AX12
CAPC_20,EMEA/H/C/004859,atazanavir,Atazanavir Krka,J05AE08
CAPC_192,EMEA/H/C/001013,pantoprazole,Pantozol Control,A02BC02
CAPC_192,EMEA/H/C/001097,pantoprazole,Controloc Control,A02BC02
CAPC_192,EMEA/H/C/001098,pantoprazole,Somac Control,A02BC02
CAPC_78,EMEA/H/C/000250,efavirenz,Stocrin,J05AG03
CAPC_218,EMEA/H/C/005813,raltegravir,Raltegravir Viatris,J05AJ01
CAPC_236,EMEA/H/C/004289,sildenafil,Granpidam,G04BE03
CAPC_38,EMEA/H/C/002568,capecitabine,Capecitabine Medac,L01BC06
CAPC_175,EMEA/H/C/001119,nevirapine,Nevirapine Teva,J05AG01
CAPC_183,EMEA/H/C/001178,olanzapine,Olanzapine Apotex,N05AH03
CAPC_78,EMEA/H/C/002352,efavirenz,Efavirenz Teva,J05AG03
CAPC_170,EMEA/H/C/004325,naloxone,Nyxoid,V03AB15
CAPC_190,EMEA/H/C/000563,palonosetron,Aloxi,A04AA05
CAPC_236,EMEA/H/C/001076,sildenafil,Vizarsin,G04BE03
CAPC_283,EMEA/H/C/000577,zonisamide,Zonegran,N03AX15
CAPC_161,EMEA/H/C/004584,mexiletine,Namuscla,C01BB02
CAPC_213,EMEA/H/C/002621,propranolol,Hemangiol,C07AA05
CAPC_60,EMEA/H/C/004891,darunavir,Darunavir Krka d.d.,J05AE10
CAPC_183,EMEA/H/C/001086,olanzapine,Olanzapine Glenmark Europe,N05AH03
CAPC_183,EMEA/H/C/001085,olanzapine,Olanzapine Glenmark,N05AH03
CAPC_19,EMEA/H/C/001177,asenapine,Sycrest,N05AH05
CAPC_241,EMEA/H/C/005728,sunitinib,Sevsury,L01EX01
CAPC_146,EMEA/H/C/002400,loxapine,Adasuve,N05AH01
CAPC_181,EMEA/H/C/000410,norelgestromin and ethinyl estradiol,Evra,G03AA13
CAPC_38,EMEA/H/C/000316,capecitabine,Xeloda,L01BC06
CAPC_111,EMEA/H/C/000534,fosamprenavir,Telzir,J05AE07
CAPC_4,EMEA/H/C/000916,agomelatine,Thymanax,N06AX22
CAPC_123,EMEA/H/C/002594,imatinib,Imatinib Actavis,L01EA01
CAPC_236,EMEA/H/C/001073,sildenafil,Sildenafil Teva,G04BE03
CAPC_236,EMEA/H/C/001080,sildenafil,Sildenafil ratiopharm,G04BE03
CAPC_9,EMEA/H/C/005839,amifampridine,Amifampridine SERB,N07XX05
CAPC_18,EMEA/H/C/000471,aripiprazole,Abilify,N05AX12
CAPC_190,EMEA/H/C/004069,palonosetron,Palonosetron Hospira,A04AA05
CAPC_273,EMEA/H/C/000488,vardenafil,Vivanza,G04BE09
CAPC_192,EMEA/H/C/001100,pantoprazole,Pantoloc Control,A02BC02
CAPC_220,EMEA/H/C/003957,rasagiline,Rasagiline ratiopharm,N04BD02
CAPC_236,EMEA/H/C/005439,sildenafil,Sildenafil FGK,G04BE03
CAPC_126,EMEA/H/C/000962,irbesartan,Ifirmasta (previously Irbesartan Krka),C09CA04
CAPC_77,EMEA/H/C/000573,duloxetine,Nodetrip (previously Xeristar),N06AX21
CAPC_53,EMEA/H/C/001165,clopidogrel,Clopidogrel ratiopharm GmbH,B01AC04
CAPC_18,EMEA/H/C/005062,aripiprazole,Abilify MyCite,N05AX12
CAPC_183,EMEA/H/C/001087,olanzapine,Olazax,N05AH03
CAPC_138,EMEA/H/C/003932,lesinurad,Zurampic,M04AB05
CAPC_183,EMEA/H/C/001088,olanzapine,Olazax Disperzi,N05AH03
CAPC_34,EMEA/H/C/004951,cabazitaxel,Cabazitaxel Teva,L01CD04
CAPC_131,EMEA/H/C/004217,ivabradine,Ivabradine JensonR,C01EB17
CAPC_96,EMEA/H/C/002715,fentanyl,Ionsys,N02AB03
CAPC_77,EMEA/H/C/000552,duloxetine,Ariclaim,N06AX21
CAPC_53,EMEA/H/C/002255,clopidogrel,Clopidogrel HCS,B01AC04
CAPC_122,EMEA/H/C/004149,iloperidone,Fanaptum,N05AX14
CAPC_53,EMEA/H/C/001166,clopidogrel,Clopidogrel Acino,B01AC04
CAPC_53,EMEA/H/C/001133,clopidogrel,Clopidogrel Teva Pharma (previously Clopidogrel HCS),B01AC04
CAPC_126,EMEA/H/C/002510,irbesartan,Sabervel,C09CA04
CAPC_38,EMEA/H/C/002050,capecitabine,Capecitabine SUN,L01BC06
CAPC_192,EMEA/H/C/001099,pantoprazole,Pantecta Control,A02BC02
CAPC_239,EMEA/H/C/003978,sirolimus,Opsiria,S01XA23
CAPC_18,EMEA/H/C/004236,aripiprazole,Aripiprazole Mylan,N05AX12
CAPC_68,EMEA/H/C/002560,dextromethorphan and quinidine,Nuedexta,N07XX59
CAPC_18,EMEA/H/C/003926,aripiprazole,Aripiprazole Mylan,N05AX12
CAPC_53,EMEA/H/C/001132,clopidogrel,Clopidogrel DURA,B01AC04
CAPC_77,EMEA/H/C/004009,duloxetine,Duloxetine Sandoz,N06AX21
CAPC_53,EMEA/H/C/001226,clopidogrel,Clopidogrel Teva Pharma B.V.,B01AC04
CAPC_26,EMEA/H/C/002517,azilsartan,Ipreziv,C09CA09
CAPC_183,EMEA/H/C/000793,olanzapine,Olanzapine Cipla (previously Olanzapine Neopharma),N05AH03
CAPC_53,EMEA/H/C/002254,clopidogrel,Clopidogrel Teva Generics B.V.,B01AC04
CAPC_53,EMEA/H/C/001173,clopidogrel,Clopidogrel ratiopharm,B01AC04
CAPC_122,EMEA/H/C/002371,iloperidone,Fanaptum,N05AX14
CAPC_256,EMEA/H/C/002303,ticagrelor,Possia,B01AC24
CAPC_155,EMEA/H/C/002501,mercaptopurine,Loulla,L01BB02
CAPC_77,EMEA/H/C/001007,duloxetine,Duloxetine Boehringer Ingelheim,N06AX21
CAPC_53,EMEA/H/C/001175,clopidogrel,Clopidogrel Acino Pharma GmbH,B01AC04
CAPC_53,EMEA/H/C/001172,clopidogrel,Clopidogrel Acino Pharma,B01AC04
CAPC_53,EMEA/H/C/001139,clopidogrel,Clopidogrel Hexal,B01AC04
CAPC_53,EMEA/H/C/001174,clopidogrel,Clopidogrel Sandoz,B01AC04
CAPC_43,EMEA/H/C/000466,celecoxib,Onsenal,L01XX33
CAPC_53,EMEA/H/C/001054,clopidogrel,Clopidogrel 1A Pharma,B01AC04
CAPC_96,EMEA/H/C/000612,fentanyl,Ionsys,N02AB03
CAPC_53,EMEA/H/C/000974,clopidogrel,Clopidogrel BMS,B01AC04
CAPC_126,EMEA/H/C/000786,irbesartan,Irbesartan BMS,C09CA04
CAPC_206,EMEA/H/C/000611,posaconazole,Posaconazole SP,J02AC04
CAPC_236,EMEA/H/C/000204,sildenafil,Patrex,G04BE03
CAPC_183,EMEA/H/C/000114,olanzapine,Olansek,N05AH03
