drug_code,related_drug_code,drug_name,related_drug_name,matched_atc_code
CAPC_103,EE_2,fluorouracil,"5-FLUOROURACIL EBEWE""""",L01BC02
CAPC_103,EE_3,fluorouracil,"5-FLUOROURACIL EBEWE""""",L01BC02
CAPC_103,EE_4,fluorouracil,"5-FLUOROURACIL EBEWE""""",L01BC02
CAPC_103,EE_5,fluorouracil,"5-FLUOROURACIL EBEWE""""",L01BC02
CAPC_15,EE_14,apixaban,ABATIXENT,B01AF02
CAPC_15,EE_15,apixaban,ABATIXENT,B01AF02
CAPC_18,EE_18,aripiprazole,ABILIFY,N05AX12
CAPC_18,EE_19,aripiprazole,ABILIFY,N05AX12
CAPC_18,EE_20,aripiprazole,ABILIFY,N05AX12
CAPC_18,EE_21,aripiprazole,ABILIFY,N05AX12
CAPC_18,EE_22,aripiprazole,ABILIFY,N05AX12
CAPC_18,EE_23,aripiprazole,ABILIFY,N05AX12
CAPC_18,EE_24,aripiprazole,ABILIFY,N05AX12
CAPC_18,EE_25,aripiprazole,ABILIFY,N05AX12
CAPC_18,EE_26,aripiprazole,ABILIFY,N05AX12
CAPC_18,EE_27,aripiprazole,ABILIFY MAINTENA,N05AX12
CAPC_18,EE_28,aripiprazole,ABILIFY MAINTENA,N05AX12
CAPC_18,EE_29,aripiprazole,ABILIFY MAINTENA,N05AX12
CAPC_18,EE_30,aripiprazole,ABILIFY MAINTENA,N05AX12
CAPC_18,EE_31,aripiprazole,ABILIFY MAINTENA,N05AX12
CAPC_18,EE_32,aripiprazole,ABILIFY MAINTENA,N05AX12
CAPC_15,EE_49,apixaban,ABOXOMA,B01AF02
CAPC_15,EE_50,apixaban,ABOXOMA,B01AF02
CAPC_43,EE_94,celecoxib,ACLEXA,M01AH01
CAPC_43,EE_95,celecoxib,ACLEXA,M01AH01
CAPC_43,EE_96,celecoxib,ACLEXA,M01AH01
CAPC_43,EE_97,celecoxib,ACLEXA,M01AH01
CAPC_146,EE_126,loxapine,ADASUVE,N05AH01
CAPC_146,EE_127,loxapine,ADASUVE,N05AH01
CAPC_243,EE_129,tadalafil,ADCIRCA,G04BE08
CAPC_243,EE_130,tadalafil,ADCIRCA,G04BE08
CAPC_140,EE_143,lisdexamfetamine,ADIXEMIN,N06BA12
CAPC_140,EE_144,lisdexamfetamine,ADIXEMIN,N06BA12
CAPC_140,EE_145,lisdexamfetamine,ADIXEMIN,N06BA12
CAPC_140,EE_146,lisdexamfetamine,ADIXEMIN,N06BA12
CAPC_140,EE_147,lisdexamfetamine,ADIXEMIN,N06BA12
CAPC_140,EE_148,lisdexamfetamine,ADIXEMIN,N06BA12
CAPC_242,EE_159,tacrolimus,ADVAGRAF,L04AD02
CAPC_242,EE_160,tacrolimus,ADVAGRAF,L04AD02
CAPC_242,EE_161,tacrolimus,ADVAGRAF,L04AD02
CAPC_242,EE_162,tacrolimus,ADVAGRAF,L04AD02
CAPC_91,EE_193,everolimus,AFINITOR,L01EG02
CAPC_91,EE_194,everolimus,AFINITOR,L01EG02
CAPC_91,EE_195,everolimus,AFINITOR,L01EG02
CAPC_12,EE_213,amlodipine,AGEN 10MG,C08CA01
CAPC_12,EE_214,amlodipine,AGEN 5MG,C08CA01
CAPC_4,EE_221,agomelatine,AGOMELATINE VIATRIS,N06AX22
CAPC_256,EE_222,ticagrelor,AGTILEQ,B01AC24
CAPC_256,EE_223,ticagrelor,AGTILEQ,B01AC24
CAPC_5,EE_262,alfuzosin,ALFUZOSIN-TEVA,G04CA01
CAPC_7,EE_282,allopurinol,ALLOPURINOL ACCORD,M04AA01
CAPC_7,EE_283,allopurinol,ALLOPURINOL ACCORD,M04AA01
CAPC_7,EE_284,allopurinol,ALLOPURINOL ORIFARM,M04AA01
CAPC_7,EE_285,allopurinol,ALLOPURINOL ORIFARM,M04AA01
CAPC_7,EE_286,allopurinol,ALLOPURINOL SANDOZ,M04AA01
CAPC_7,EE_287,allopurinol,ALLOPURINOL SANDOZ,M04AA01
CAPC_70,EE_289,diclofenac,ALMIRAL,M01AB05
CAPC_190,EE_290,palonosetron,ALOXI,A04AA05
CAPC_190,EE_291,palonosetron,ALOXI,A04AA05
CAPC_8,EE_296,alprazolam,ALPRAZOLAM KRKA,N05BA12
CAPC_8,EE_297,alprazolam,ALPRAZOLAM KRKA,N05BA12
CAPC_8,EE_298,alprazolam,ALPRAZOLAM KRKA,N05BA12
CAPC_8,EE_299,alprazolam,ALPRAZOLAM KRKA,N05BA12
CAPC_8,EE_300,alprazolam,"ALPRAZOLAM ORION 0,5 MG",N05BA12
CAPC_8,EE_301,alprazolam,ALPRAZOLAM ORION 1 MG,N05BA12
CAPC_8,EE_302,alprazolam,ALPRAZOLAM-GRINDEKS,N05BA12
CAPC_8,EE_303,alprazolam,ALPRAZOLAM-GRINDEKS,N05BA12
CAPC_8,EE_304,alprazolam,ALPRAZOLAM-GRINDEKS,N05BA12
CAPC_274,EE_322,venlafaxine,ALVENTA,N06AX16
CAPC_274,EE_323,venlafaxine,ALVENTA,N06AX16
CAPC_274,EE_324,venlafaxine,ALVENTA,N06AX16
CAPC_274,EE_325,venlafaxine,ALVENTA,N06AX16
CAPC_274,EE_326,venlafaxine,ALVENTA,N06AX16
CAPC_274,EE_327,venlafaxine,ALVENTA,N06AX16
CAPC_274,EE_328,venlafaxine,ALVENTA,N06AX16
CAPC_274,EE_329,venlafaxine,ALVENTA,N06AX16
CAPC_274,EE_330,venlafaxine,ALVENTA,N06AX16
CAPC_274,EE_331,venlafaxine,ALVENTA,N06AX16
CAPC_9,EE_373,amifampridine,AMIFAMPRIDINE SERB,N07XX05
CAPC_10,EE_377,amiodarone,AMIOKORDIN,C01BD01
CAPC_10,EE_378,amiodarone,AMIOKORDIN,C01BD01
CAPC_11,EE_382,amitriptyline,AMITRIPTYLINE-GRINDEKS,N06AA09
CAPC_11,EE_383,amitriptyline,AMITRIPTYLINE-GRINDEKS,N06AA09
CAPC_12,EE_384,amlodipine,AMLOCARD 10MG,C08CA01
CAPC_12,EE_385,amlodipine,AMLOCARD 5 MG,C08CA01
CAPC_12,EE_386,amlodipine,AMLODIPINE VITABALANS,C08CA01
CAPC_12,EE_387,amlodipine,AMLODIPINE VITABALANS,C08CA01
CAPC_12,EE_391,amlodipine,AMLODIPIN-RATIOPHARM 10 MG,C08CA01
CAPC_12,EE_392,amlodipine,AMLODIPIN-RATIOPHARM 5 MG,C08CA01
CAPC_51,EE_429,clomipramine,ANAFRANIL,N06AA04
CAPC_51,EE_430,clomipramine,ANAFRANIL,N06AA04
CAPC_51,EE_431,clomipramine,ANAFRANIL SR,N06AA04
CAPC_212,EE_443,propofol,ANESIA,N01AX10
CAPC_212,EE_444,propofol,ANESIA,N01AX10
CAPC_15,EE_460,apixaban,APIXABAN ACCORD,B01AF02
CAPC_15,EE_461,apixaban,APIXABAN ACCORD,B01AF02
CAPC_15,EE_462,apixaban,APIXABAN AUXILIA,B01AF02
CAPC_15,EE_463,apixaban,APIXABAN AUXILIA,B01AF02
CAPC_15,EE_464,apixaban,APIXABAN GEDEON RICHTER,B01AF02
CAPC_15,EE_465,apixaban,APIXABAN GEDEON RICHTER,B01AF02
CAPC_15,EE_466,apixaban,APIXABAN OLPHA,B01AF02
CAPC_15,EE_467,apixaban,APIXABAN OLPHA,B01AF02
CAPC_15,EE_468,apixaban,APIXABAN ZENTIVA,B01AF02
CAPC_15,EE_469,apixaban,APIXABAN ZENTIVA,B01AF02
CAPC_15,EE_470,apixaban,APIXABAN TEVA,B01AF02
CAPC_15,EE_471,apixaban,APIXABAN TEVA,B01AF02
CAPC_15,EE_472,apixaban,APIXABAN TEVAPHARM,B01AF02
CAPC_15,EE_473,apixaban,APIXABAN TEVAPHARM,B01AF02
CAPC_15,EE_474,apixaban,APIXABAN VALE,B01AF02
CAPC_15,EE_475,apixaban,APIXABAN VALE,B01AF02
CAPC_15,EE_476,apixaban,APIXABAN VIATRIS,B01AF02
CAPC_15,EE_477,apixaban,APIXABAN VIATRIS,B01AF02
CAPC_16,EE_483,apremilast,APREMILAST ACCORD,L04AA32
CAPC_16,EE_484,apremilast,APREMILAST ACCORD,L04AA32
CAPC_16,EE_485,apremilast,APREMILAST KRKA,L04AA32
CAPC_16,EE_486,apremilast,APREMILAST KRKA,L04AA32
CAPC_16,EE_487,apremilast,APREMILAST STADA,L04AA32
CAPC_16,EE_488,apremilast,APREMILAST STADA,L04AA32
CAPC_17,EE_489,aprepitant,APREPITANT SANDOZ,A04AD12
CAPC_126,EE_492,irbesartan,APROVEL,C09CA04
CAPC_126,EE_493,irbesartan,APROVEL,C09CA04
CAPC_126,EE_494,irbesartan,APROVEL,C09CA04
CAPC_126,EE_495,irbesartan,APROVEL,C09CA04
CAPC_126,EE_496,irbesartan,APROVEL,C09CA04
CAPC_126,EE_497,irbesartan,APROVEL,C09CA04
CAPC_137,EE_537,leflunomide,ARAVA,L04AK01
CAPC_137,EE_538,leflunomide,ARAVA,L04AK01
CAPC_137,EE_539,leflunomide,ARAVA,L04AK01
CAPC_274,EE_546,venlafaxine,ARGOFAN 150 SR,N06AX16
CAPC_274,EE_547,venlafaxine,ARGOFAN 75 SR,N06AX16
CAPC_18,EE_551,aripiprazole,ARIPIPRAZOLE ACCORD,N05AX12
CAPC_18,EE_552,aripiprazole,ARIPIPRAZOLE ACCORD,N05AX12
CAPC_18,EE_553,aripiprazole,ARIPIPRAZOLE ACCORD,N05AX12
CAPC_18,EE_554,aripiprazole,ARIPIPRAZOLE ACCORD,N05AX12
CAPC_18,EE_555,aripiprazole,ARIPIPRAZOLE MYLAN PHARMA,N05AX12
CAPC_18,EE_556,aripiprazole,ARIPIPRAZOLE MYLAN PHARMA,N05AX12
CAPC_18,EE_557,aripiprazole,ARIPIPRAZOLE MYLAN PHARMA,N05AX12
CAPC_18,EE_558,aripiprazole,ARIPIPRAZOLE MYLAN PHARMA,N05AX12
CAPC_18,EE_559,aripiprazole,ARIPIPRAZOLE SANDOZ,N05AX12
CAPC_18,EE_560,aripiprazole,ARIPIPRAZOLE SANDOZ,N05AX12
CAPC_18,EE_561,aripiprazole,ARIPIPRAZOLE SANDOZ,N05AX12
CAPC_18,EE_562,aripiprazole,ARIPIPRAZOLE SANDOZ,N05AX12
CAPC_18,EE_563,aripiprazole,ARIPIPRAZOLE SANDOZ,N05AX12
CAPC_18,EE_564,aripiprazole,ARIPIPRAZOLE ZENTIVA,N05AX12
CAPC_18,EE_565,aripiprazole,ARIPIPRAZOLE ZENTIVA,N05AX12
CAPC_18,EE_566,aripiprazole,ARIPIPRAZOLE ZENTIVA,N05AX12
CAPC_18,EE_567,aripiprazole,ARIPIPRAZOLE ZENTIVA,N05AX12
CAPC_18,EE_568,aripiprazole,ARIPIPRAZOLE ZENTIVA,N05AX12
CAPC_18,EE_569,aripiprazole,ARIPIPRAZOLE ZENTIVA,N05AX12
CAPC_18,EE_570,aripiprazole,ARIPIPRAZOLE ZENTIVA,N05AX12
CAPC_18,EE_571,aripiprazole,ARIPIPRAZOLE TEVA,N05AX12
CAPC_18,EE_572,aripiprazole,ARISPPA,N05AX12
CAPC_18,EE_573,aripiprazole,ARISPPA,N05AX12
CAPC_18,EE_574,aripiprazole,ARISPPA,N05AX12
CAPC_18,EE_575,aripiprazole,ARISPPA,N05AX12
CAPC_193,EE_581,paroxetine,ARKETIS 20 MG,N06AB05
CAPC_193,EE_582,paroxetine,ARKETIS 40 MG,N06AB05
CAPC_93,EE_586,exemestane,AROMASIN,L02BG06
CAPC_235,EE_601,sertraline,ASENTRA,N06AB06
CAPC_235,EE_602,sertraline,ASENTRA,N06AB06
CAPC_235,EE_603,sertraline,ASENTRA,N06AB06
CAPC_240,EE_606,solifenacin,ASOLFENA,G04BD08
CAPC_240,EE_607,solifenacin,ASOLFENA,G04BD08
CAPC_22,EE_614,atorvastatin,ASTATOR,C10AA05
CAPC_22,EE_615,atorvastatin,ASTATOR,C10AA05
CAPC_22,EE_616,atorvastatin,ASTATOR,C10AA05
CAPC_220,EE_627,rasagiline,AZILECT,N04BD02
CAPC_36,EE_639,candesartan,ATACAND,C09CA06
CAPC_36,EE_640,candesartan,ATACAND,C09CA06
CAPC_20,EE_644,atazanavir,ATAZANAVIR KRKA,J05AE08
CAPC_20,EE_645,atazanavir,ATAZANAVIR KRKA,J05AE08
CAPC_20,EE_646,atazanavir,ATAZANAVIR KRKA,J05AE08
CAPC_20,EE_647,atazanavir,ATAZANAVIR VIATRIS,J05AE08
CAPC_20,EE_648,atazanavir,ATAZANAVIR VIATRIS,J05AE08
CAPC_20,EE_649,atazanavir,ATAZANAVIR VIATRIS,J05AE08
CAPC_256,EE_658,ticagrelor,ATIRABO,B01AC24
CAPC_256,EE_659,ticagrelor,ATIRABO,B01AC24
CAPC_256,EE_660,ticagrelor,ATIXARSO,B01AC24
CAPC_256,EE_661,ticagrelor,ATIXARSO,B01AC24
CAPC_21,EE_662,atomoxetine,ATOMINEX 100 MG,N06BA09
CAPC_21,EE_663,atomoxetine,ATOMINEX 10MG,N06BA09
CAPC_21,EE_664,atomoxetine,ATOMINEX 18MG,N06BA09
CAPC_21,EE_665,atomoxetine,ATOMINEX 25 MG,N06BA09
CAPC_21,EE_666,atomoxetine,ATOMINEX 40 MG,N06BA09
CAPC_21,EE_667,atomoxetine,ATOMINEX 60 MG,N06BA09
CAPC_21,EE_668,atomoxetine,ATOMINEX 80 MG,N06BA09
CAPC_22,EE_672,atorvastatin,ATORIS,C10AA05
CAPC_22,EE_673,atorvastatin,ATORIS,C10AA05
CAPC_22,EE_674,atorvastatin,ATORIS,C10AA05
CAPC_22,EE_675,atorvastatin,ATORIS,C10AA05
CAPC_22,EE_676,atorvastatin,ATORIS,C10AA05
CAPC_22,EE_677,atorvastatin,ATORIS,C10AA05
CAPC_22,EE_682,atorvastatin,ATORVASTATIN ZENTIVA 10MG,C10AA05
CAPC_22,EE_683,atorvastatin,ATORVASTATIN ZENTIVA 20MG,C10AA05
CAPC_22,EE_684,atorvastatin,ATORVASTATIN TAD,C10AA05
CAPC_22,EE_685,atorvastatin,ATORVASTATIN TAD,C10AA05
CAPC_22,EE_686,atorvastatin,ATORVASTATIN TAD,C10AA05
CAPC_22,EE_687,atorvastatin,ATORVASTATIN TEVA,C10AA05
CAPC_22,EE_688,atorvastatin,ATORVASTATIN TEVA,C10AA05
CAPC_22,EE_689,atorvastatin,ATORVASTATIN TEVA,C10AA05
CAPC_22,EE_690,atorvastatin,ATORVASTATIN TEVAPHARM,C10AA05
CAPC_22,EE_691,atorvastatin,ATORVASTATIN TEVAPHARM,C10AA05
CAPC_22,EE_692,atorvastatin,ATORVASTATIN TEVAPHARM,C10AA05
CAPC_25,EE_706,azathioprine,ATSIMUTIN,L04AX01
CAPC_25,EE_707,azathioprine,ATSIMUTIN,L04AX01
CAPC_84,EE_772,erdafitinib,BALVERSA,L01EN01
CAPC_84,EE_773,erdafitinib,BALVERSA,L01EN01
CAPC_84,EE_774,erdafitinib,BALVERSA,L01EN01
CAPC_15,EE_777,apixaban,BANXIOL,B01AF02
CAPC_15,EE_778,apixaban,BANXIOL,B01AF02
CAPC_160,EE_856,metoprolol,BETALOC,C07AB02
CAPC_160,EE_857,metoprolol,BETALOC,C07AB02
CAPC_160,EE_858,metoprolol,BETALOC,C07AB02
CAPC_160,EE_859,metoprolol,BETALOC ZOK 100,C07AB02
CAPC_160,EE_860,metoprolol,BETALOC ZOK 100,C07AB02
CAPC_160,EE_861,metoprolol,BETALOC ZOK 25,C07AB02
CAPC_160,EE_862,metoprolol,BETALOC ZOK 50,C07AB02
CAPC_164,EE_875,mirabegron,BETMIGA,G04BD12
CAPC_164,EE_876,mirabegron,BETMIGA,G04BD12
CAPC_164,EE_877,mirabegron,BETMIGA,G04BD12
CAPC_160,EE_959,metoprolol,BLOBET,C07AB02
CAPC_160,EE_960,metoprolol,BLOBET,C07AB02
CAPC_160,EE_961,metoprolol,BLOBET,C07AB02
CAPC_160,EE_962,metoprolol,BLOXAZOC 100,C07AB02
CAPC_160,EE_963,metoprolol,BLOXAZOC 200,C07AB02
CAPC_160,EE_964,metoprolol,BLOXAZOC 25,C07AB02
CAPC_160,EE_965,metoprolol,BLOXAZOC 50,C07AB02
CAPC_131,EE_1010,ivabradine,BREDIWAL,C01EB17
CAPC_131,EE_1011,ivabradine,BREDIWAL,C01EB17
CAPC_202,EE_1014,piroxicam,BREXIN,M01AC01
CAPC_202,EE_1015,piroxicam,BREXIN,M01AC01
CAPC_202,EE_1016,piroxicam,BREXIN,M01AC01
CAPC_256,EE_1021,ticagrelor,BRILIQUE,B01AC24
CAPC_256,EE_1022,ticagrelor,BRILIQUE,B01AC24
CAPC_256,EE_1023,ticagrelor,BRILIQUE,B01AC24
CAPC_275,EE_1026,vernakalant,BRINAVESS,C01BG11
CAPC_280,EE_1033,vortioxetine,BRINTELLIX,N06AX26
CAPC_280,EE_1034,vortioxetine,BRINTELLIX,N06AX26
CAPC_280,EE_1035,vortioxetine,BRINTELLIX,N06AX26
CAPC_280,EE_1036,vortioxetine,BRINTELLIX,N06AX26
CAPC_280,EE_1037,vortioxetine,BRINTELLIX,N06AX26
CAPC_256,EE_1038,ticagrelor,BRIREM,B01AC24
CAPC_256,EE_1039,ticagrelor,BRIREM,B01AC24
CAPC_30,EE_1041,brivaracetam,BRIVIACT,N03AX23
CAPC_30,EE_1042,brivaracetam,BRIVIACT,N03AX23
CAPC_30,EE_1043,brivaracetam,BRIVIACT,N03AX23
CAPC_30,EE_1044,brivaracetam,BRIVIACT,N03AX23
CAPC_30,EE_1045,brivaracetam,BRIVIACT,N03AX23
CAPC_30,EE_1046,brivaracetam,BRIVIACT,N03AX23
CAPC_30,EE_1047,brivaracetam,BRIVIACT,N03AX23
CAPC_121,EE_1074,ibuprofen,BRUFEN,M01AE01
CAPC_121,EE_1075,ibuprofen,BRUFEN,M01AE01
CAPC_121,EE_1078,ibuprofen,BRUMARE,M01AE01
CAPC_162,EE_1079,midazolam,BUCCOLAM,N05CD08
CAPC_162,EE_1080,midazolam,BUCCOLAM,N05CD08
CAPC_162,EE_1081,midazolam,BUCCOLAM,N05CD08
CAPC_162,EE_1082,midazolam,BUCCOLAM,N05CD08
CAPC_31,EE_1102,buprenorphine,BUPRENORPHINE G.L. PHARMA,N07BC01
CAPC_31,EE_1103,buprenorphine,BUPRENORPHINE G.L. PHARMA,N07BC01
CAPC_31,EE_1104,buprenorphine,BUPRENORPHINE G.L. PHARMA,N07BC01
CAPC_31,EE_1105,buprenorphine,BUPRENORPHINE NEURAXPHARM,N07BC01
CAPC_31,EE_1106,buprenorphine,BUPRENORPHINE NEURAXPHARM,N07BC01
CAPC_31,EE_1107,buprenorphine,BUPRENORPHINE NEURAXPHARM,N07BC01
CAPC_31,EE_1108,buprenorphine,BUPRENORPHINE NEURAXPHARM,N07BC01
CAPC_232,EE_1112,salbutamol,BUVENTOL EASYHALER,R03AC02
CAPC_232,EE_1113,salbutamol,BUVENTOL EASYHALER,R03AC02
CAPC_31,EE_1114,buprenorphine,BUVIDAL,N07BC01
CAPC_31,EE_1115,buprenorphine,BUVIDAL,N07BC01
CAPC_31,EE_1116,buprenorphine,BUVIDAL,N07BC01
CAPC_31,EE_1117,buprenorphine,BUVIDAL,N07BC01
CAPC_31,EE_1118,buprenorphine,BUVIDAL,N07BC01
CAPC_31,EE_1119,buprenorphine,BUVIDAL,N07BC01
CAPC_31,EE_1120,buprenorphine,BUVIDAL,N07BC01
CAPC_31,EE_1121,buprenorphine,BUVIDAL,N07BC01
CAPC_34,EE_1137,cabazitaxel,CABAZITAXEL ACCORD,L01CD04
CAPC_34,EE_1138,cabazitaxel,CABAZITAXEL FRESENIUS KABI,L01CD04
CAPC_34,EE_1139,cabazitaxel,CABAZITAXEL SANDOZ,L01CD04
CAPC_34,EE_1140,cabazitaxel,CABAZITAXEL STADA,L01CD04
CAPC_151,EE_1164,mavacamten,CAMZYOS,C01EB24
CAPC_151,EE_1165,mavacamten,CAMZYOS,C01EB24
CAPC_151,EE_1166,mavacamten,CAMZYOS,C01EB24
CAPC_151,EE_1167,mavacamten,CAMZYOS,C01EB24
CAPC_36,EE_1182,candesartan,CANOCORD 16 MG,C09CA06
CAPC_36,EE_1183,candesartan,CANOCORD 32 MG,C09CA06
CAPC_36,EE_1184,candesartan,CANOCORD 8 MG,C09CA06
CAPC_38,EE_1185,capecitabine,CAPECITABINE ACCORD,L01BC06
CAPC_38,EE_1186,capecitabine,CAPECITABINE ACCORD,L01BC06
CAPC_38,EE_1187,capecitabine,CAPECITABINE ACCORD,L01BC06
CAPC_38,EE_1188,capecitabine,CAPECITABINE MEDAC,L01BC06
CAPC_38,EE_1189,capecitabine,CAPECITABINE MEDAC,L01BC06
CAPC_38,EE_1190,capecitabine,CAPECITABINE ZENTIVA 150 MG,L01BC06
CAPC_38,EE_1191,capecitabine,CAPECITABINE ZENTIVA 500 MG,L01BC06
CAPC_38,EE_1192,capecitabine,CAPECITABINE ZENTIVA 500 MG,L01BC06
CAPC_38,EE_1193,capecitabine,CAPECITABINE ZENTIVA K.S.,L01BC06
CAPC_38,EE_1194,capecitabine,CAPECITABINE ZENTIVA K.S.,L01BC06
CAPC_38,EE_1195,capecitabine,CAPECITABINE TEVA,L01BC06
CAPC_38,EE_1196,capecitabine,CAPECITABINE TEVA,L01BC06
CAPC_39,EE_1201,carbamazepine,CARBALEX 200 MG,N03AF01
CAPC_39,EE_1202,carbamazepine,CARBALEX 400 MG,N03AF01
CAPC_39,EE_1203,carbamazepine,CARBALEX RETARD 300 MG,N03AF01
CAPC_39,EE_1204,carbamazepine,CARBALEX RETARD 600 MG,N03AF01
CAPC_36,EE_1227,candesartan,CARZAN 16MG,C09CA06
CAPC_36,EE_1228,candesartan,CARZAN 32MG,C09CA06
CAPC_42,EE_1230,carvedilol,"CARVEDILOLHEXAL 12,5 MG",C07AG02
CAPC_42,EE_1231,carvedilol,CARVEDILOLHEXAL 25 MG,C07AG02
CAPC_42,EE_1232,carvedilol,"CARVEDILOLHEXAL 6,25 MG",C07AG02
CAPC_43,EE_1273,celecoxib,CELEBREX,M01AH01
CAPC_43,EE_1274,celecoxib,CELEBREX,M01AH01
CAPC_43,EE_1275,celecoxib,CELEBREX,M01AH01
CAPC_43,EE_1276,celecoxib,CELEBREX,M01AH01
CAPC_43,EE_1277,celecoxib,CELECOXIB ACCORD,M01AH01
CAPC_43,EE_1278,celecoxib,CELECOXIB ACCORD,M01AH01
CAPC_43,EE_1279,celecoxib,CELECOXIB INTELI,M01AH01
CAPC_43,EE_1280,celecoxib,CELECOXIB INTELI,M01AH01
CAPC_150,EE_1286,maraviroc,CELSENTRI,J05AX09
CAPC_150,EE_1287,maraviroc,CELSENTRI,J05AX09
CAPC_150,EE_1288,maraviroc,CELSENTRI,J05AX09
CAPC_150,EE_1289,maraviroc,CELSENTRI,J05AX09
CAPC_150,EE_1290,maraviroc,CELSENTRI,J05AX09
CAPC_62,EE_1294,desogestrel,CERAZETTE,G03AC09
CAPC_62,EE_1295,desogestrel,CERAZETTE,G03AC09
CAPC_81,EE_1296,eliglustat,CERDELGA,A16AX10
CAPC_81,EE_1297,eliglustat,CERDELGA,A16AX10
CAPC_91,EE_1299,everolimus,"CERTICAN 0,25 MG TABLETID",L04AH02
CAPC_91,EE_1300,everolimus,"CERTICAN 0,5 MG TABLETID",L04AH02
CAPC_91,EE_1301,everolimus,"CERTICAN 0,75 MG TABLETID",L04AH02
CAPC_91,EE_1302,everolimus,CERTICAN 1 MG TABLETID,L04AH02
CAPC_159,EE_1303,metoclopramide,CERUCAL,A03FA01
CAPC_98,EE_1320,fingolimod,CHANTICO,L04AE01
CAPC_95,EE_1323,fenofibrate / simvastatin,CHOLIB,C10BA04
CAPC_95,EE_1324,fenofibrate / simvastatin,CHOLIB,C10BA04
CAPC_243,EE_1325,tadalafil,CIALIS,G04BE08
CAPC_243,EE_1326,tadalafil,CIALIS,G04BE08
CAPC_243,EE_1327,tadalafil,CIALIS,G04BE08
CAPC_243,EE_1328,tadalafil,CIALIS,G04BE08
CAPC_1,EE_1329,abrocitinib,CIBINQO,D11AH08
CAPC_1,EE_1330,abrocitinib,CIBINQO,D11AH08
CAPC_1,EE_1331,abrocitinib,CIBINQO,D11AH08
CAPC_47,EE_1334,cilostazol,CILOSTAD,B01AC23
CAPC_47,EE_1335,cilostazol,CILOSTAD,B01AC23
CAPC_47,EE_1336,cilostazol,CILOSTAZOL STADA,B01AC23
CAPC_47,EE_1337,cilostazol,CILOZEK,B01AC23
CAPC_47,EE_1338,cilostazol,CILOZEK,B01AC23
CAPC_86,EE_1355,escitalopram,CIPRALEX,N06AB10
CAPC_86,EE_1356,escitalopram,CIPRALEX,N06AB10
CAPC_86,EE_1357,escitalopram,CIPRALEX,N06AB10
CAPC_86,EE_1358,escitalopram,CIPRALEX,N06AB10
CAPC_86,EE_1359,escitalopram,CIPRALEX,N06AB10
CAPC_49,EE_1360,citalopram,CIPRAMIL 20 MG,N06AB04
CAPC_49,EE_1371,citalopram,CIRAL 20 MG,N06AB04
CAPC_86,EE_1372,escitalopram,CIRASET 10 MG,N06AB10
CAPC_285,EE_1376,zuclopenthixol,CISORDINOL,N05AF05
CAPC_285,EE_1377,zuclopenthixol,CISORDINOL DEPOT,N05AF05
CAPC_285,EE_1378,zuclopenthixol,CISORDINOL-ACUTARD,N05AF05
CAPC_48,EE_1379,cisplatin,CISPLATIN ACCORD 1MG/ML,L01XA01
CAPC_49,EE_1380,citalopram,CITALEC 20,N06AB04
CAPC_49,EE_1381,citalopram,CITALOPRAM - TEVA 10MG,N06AB04
CAPC_49,EE_1382,citalopram,CITALOPRAM - TEVA 20MG,N06AB04
CAPC_49,EE_1383,citalopram,CITALOPRAM - TEVA 40MG,N06AB04
CAPC_49,EE_1384,citalopram,CITALOPRAM VITABALANS,N06AB04
CAPC_130,EE_1386,itraconazole,CLADOSOL 100MG,J02AC02
CAPC_52,EE_1401,clonazepam,CLONAZEPAM SANOSWISS,N03AE01
CAPC_53,EE_1402,clopidogrel,CLOPIDOGREL KRKA,B01AC04
CAPC_53,EE_1403,clopidogrel,CLOPIDOGREL KRKA D.D.,B01AC04
CAPC_53,EE_1404,clopidogrel,CLOPIDOGREL RATIOPHARM,B01AC04
CAPC_53,EE_1405,clopidogrel,CLOPIDOGREL SANOSWISS 75MG,B01AC04
CAPC_53,EE_1406,clopidogrel,CLOPIDOGREL ZENTIVA,B01AC04
CAPC_53,EE_1407,clopidogrel,CLOPIDOGREL ZENTIVA,B01AC04
CAPC_53,EE_1408,clopidogrel,CLOPIDOGREL TAD,B01AC04
CAPC_53,EE_1409,clopidogrel,CLOPIDOGREL TEVA,B01AC04
CAPC_53,EE_1410,clopidogrel,CLOPIDOGREL VIATRIS,B01AC04
CAPC_54,EE_1416,clozapine,CLOZAPINE ACCORD,N05AH02
CAPC_54,EE_1417,clozapine,CLOZAPINE ACCORD,N05AH02
CAPC_192,EE_1500,pantoprazole,CONTROLOC 20 MG,A02BC02
CAPC_192,EE_1501,pantoprazole,CONTROLOC 40 MG,A02BC02
CAPC_192,EE_1502,pantoprazole,CONTROLOC CONTROL,A02BC02
CAPC_271,EE_1503,valproic acid / divalproex,CONVULEX,N03AG01
CAPC_271,EE_1504,valproic acid / divalproex,CONVULEX,N03AG01
CAPC_271,EE_1505,valproic acid / divalproex,CONVULEX 300 MG,N03AG01
CAPC_271,EE_1506,valproic acid / divalproex,CONVULEX 300 MG/ML,N03AG01
CAPC_271,EE_1507,valproic acid / divalproex,CONVULEX 500 MG,N03AG01
CAPC_271,EE_1508,valproic acid / divalproex,CONVULEX RETARD 300MG,N03AG01
CAPC_271,EE_1509,valproic acid / divalproex,CONVULEX RETARD 500MG,N03AG01
CAPC_10,EE_1541,amiodarone,CORDARONE 200 MG,C01BD01
CAPC_131,EE_1545,ivabradine,CORLENTOR,C01EB17
CAPC_131,EE_1546,ivabradine,CORLENTOR,C01EB17
CAPC_42,EE_1548,carvedilol,"CORYOL 12,5 MG",C07AG02
CAPC_42,EE_1549,carvedilol,CORYOL 25 MG,C07AG02
CAPC_42,EE_1550,carvedilol,"CORYOL 6,25 MG",C07AG02
CAPC_128,EE_1567,isavuconazonium,CRESEMBA,J02AC05
CAPC_128,EE_1568,isavuconazonium,CRESEMBA,J02AC05
CAPC_128,EE_1569,isavuconazonium,CRESEMBA,J02AC05
CAPC_228,EE_1570,rosuvastatin,CRESTOR,C10AA07
CAPC_228,EE_1571,rosuvastatin,CRESTOR,C10AA07
CAPC_228,EE_1572,rosuvastatin,CRESTOR,C10AA07
CAPC_228,EE_1573,rosuvastatin,CRESTOR,C10AA07
CAPC_77,EE_1595,duloxetine,CYMBALTA,N06AX21
CAPC_77,EE_1596,duloxetine,CYMBALTA,N06AX21
CAPC_70,EE_1628,diclofenac,DAGESIL,M01AB05
CAPC_242,EE_1631,tacrolimus,DAILIPORT,L04AD02
CAPC_242,EE_1632,tacrolimus,DAILIPORT,L04AD02
CAPC_242,EE_1633,tacrolimus,DAILIPORT,L04AD02
CAPC_242,EE_1634,tacrolimus,DAILIPORT,L04AD02
CAPC_242,EE_1635,tacrolimus,DAILIPORT,L04AD02
CAPC_60,EE_1674,darunavir,DARUNAVIR KRKA,J05AE10
CAPC_60,EE_1675,darunavir,DARUNAVIR KRKA,J05AE10
CAPC_60,EE_1676,darunavir,DARUNAVIR KRKA,J05AE10
CAPC_60,EE_1677,darunavir,DARUNAVIR SANDOZ,J05AE10
CAPC_60,EE_1678,darunavir,DARUNAVIR SANDOZ,J05AE10
CAPC_60,EE_1679,darunavir,DARUNAVIR SANDOZ,J05AE10
CAPC_60,EE_1680,darunavir,DARUNAVIR SANDOZ,J05AE10
CAPC_60,EE_1681,darunavir,DARUNAVIR VIATRIS,J05AE10
CAPC_60,EE_1682,darunavir,DARUNAVIR VIATRIS,J05AE10
CAPC_60,EE_1683,darunavir,DARUNAVIR VIATRIS,J05AE10
CAPC_60,EE_1684,darunavir,DARUNAVIR VIATRIS,J05AE10
CAPC_60,EE_1685,darunavir,DARUNAVIR VIATRIS,J05AE10
CAPC_60,EE_1686,darunavir,DARUNAVIR VIATRIS,J05AE10
CAPC_62,EE_1735,desogestrel,DELAMONIE,G03AC09
CAPC_229,EE_1739,rosuvastatin / ezetimibe,DELIPID PLUS,C10BA06
CAPC_229,EE_1740,rosuvastatin / ezetimibe,DELIPID PLUS,C10BA06
CAPC_229,EE_1741,rosuvastatin / ezetimibe,DELIPID PLUS,C10BA06
CAPC_229,EE_1742,rosuvastatin / ezetimibe,DELIPID PLUS,C10BA06
CAPC_229,EE_1743,rosuvastatin / ezetimibe,DELIPID PLUS,C10BA06
CAPC_229,EE_1744,rosuvastatin / ezetimibe,DELIPID PLUS,C10BA06
CAPC_271,EE_1752,valproic acid / divalproex,DEPAKINE CHRONO 300 mg,N03AG01
CAPC_271,EE_1753,valproic acid / divalproex,DEPAKINE CHRONO 500 MG,N03AG01
CAPC_271,EE_1754,valproic acid / divalproex,DEPAKINE CHRONO 500 MG,N03AG01
CAPC_62,EE_1764,desogestrel,DESIRETT 75 MCG,G03AC09
CAPC_69,EE_1811,diazepam,DIAZEPAM ACCORD,N05BA01
CAPC_69,EE_1812,diazepam,DIAZEPAM BASI,N05BA01
CAPC_69,EE_1813,diazepam,DIAZEPAM DESITIN,N05BA01
CAPC_69,EE_1814,diazepam,DIAZEPAM DESITIN,N05BA01
CAPC_69,EE_1815,diazepam,DIAZEPEKS,N05BA01
CAPC_69,EE_1816,diazepam,DIAZEPEKS,N05BA01
CAPC_70,EE_1817,diclofenac,DICLAC,M01AB05
CAPC_70,EE_1818,diclofenac,DICLAC,M02AA15
CAPC_70,EE_1819,diclofenac,DICLAC 1%,M02AA15
CAPC_70,EE_1820,diclofenac,DICLAC 100 MG,M01AB05
CAPC_70,EE_1821,diclofenac,DICLAC 5%,M02AA15
CAPC_70,EE_1822,diclofenac,DICLAC 5%,M02AA15
CAPC_70,EE_1823,diclofenac,DICLAC ID 150 MG,M01AB05
CAPC_70,EE_1824,diclofenac,DICLAC ID 75 MG,M01AB05
CAPC_70,EE_1825,diclofenac,DICLOBERL 75MG/3ML,M01AB05
CAPC_70,EE_1826,diclofenac,DICLOBERL RETARD,M01AB05
CAPC_70,EE_1827,diclofenac,DICLOFENAC MYLAN,M02AA15
CAPC_70,EE_1828,diclofenac,DICLOFENAC STADA,M02AA15
CAPC_70,EE_1829,diclofenac,DICLOFENAC-RATIOPHARM 100 MG,M01AB05
CAPC_70,EE_1830,diclofenac,DICLOFENAC-RATIOPHARM 75MG/2ML,M01AB05
CAPC_70,EE_1831,diclofenac,DICLOFLEX,M02AA15
CAPC_70,EE_1832,diclofenac,DICLOMELAN RETARD 100 MG,M01AB05
CAPC_70,EE_1834,diclofenac,DICUNO,M01AB05
CAPC_70,EE_1835,diclofenac,DICUNO,M01AB05
CAPC_67,EE_1881,dextromethorphan and promethazine,DINAREX,R05DA09
CAPC_272,EE_1883,valsartan,DIOVAN,C09CA03
CAPC_272,EE_1884,valsartan,DIOVAN,C09CA03
CAPC_272,EE_1885,valsartan,DIOVAN,C09CA03
CAPC_70,EE_1896,diclofenac,DITEL,M02AA15
CAPC_121,EE_1911,ibuprofen,DOLGIT,M02AA13
CAPC_121,EE_1912,ibuprofen,DOLGIT,M02AA13
CAPC_73,EE_1923,donepezil,DONEPEZIL ACCORD,N06DA02
CAPC_73,EE_1924,donepezil,DONEPEZIL ACCORD,N06DA02
CAPC_73,EE_1925,donepezil,DONEPEZIL ACTAVIS,N06DA02
CAPC_73,EE_1926,donepezil,DONEPEZIL ACTAVIS,N06DA02
CAPC_73,EE_1927,donepezil,DONEPEZIL ACTAVIS,N06DA02
CAPC_73,EE_1928,donepezil,DONEPEZIL ACTAVIS,N06DA02
CAPC_73,EE_1929,donepezil,DONERION,N06DA02
CAPC_73,EE_1930,donepezil,DONERION,N06DA02
CAPC_24,EE_1932,avatrombopag,DOPTELET,B02BX08
CAPC_264,EE_1933,tramadol and acetaminophen,DORETA,N02AJ13
CAPC_264,EE_1934,tramadol and acetaminophen,DORETA,N02AJ13
CAPC_264,EE_1935,tramadol and acetaminophen,DORETA,N02AJ13
CAPC_264,EE_1936,tramadol and acetaminophen,DORETA,N02AJ13
CAPC_188,EE_1957,oxybutynin,DRIPTANE,G04BD04
CAPC_77,EE_1968,duloxetine,DULOXETINE LILLY,N06AX21
CAPC_77,EE_1969,duloxetine,DULOXETINE LILLY,N06AX21
CAPC_77,EE_1970,duloxetine,DULOXETINE MYLAN,N06AX21
CAPC_77,EE_1971,duloxetine,DULOXETINE MYLAN,N06AX21
CAPC_77,EE_1972,duloxetine,DULOXETINE ZENTIVA,N06AX21
CAPC_77,EE_1973,duloxetine,DULOXETINE ZENTIVA,N06AX21
CAPC_77,EE_1974,duloxetine,DULSEVIA,N06AX21
CAPC_77,EE_1975,duloxetine,DULSEVIA,N06AX21
CAPC_77,EE_1976,duloxetine,DULSEVIA,N06AX21
CAPC_157,EE_2018,methotrexate,EBETREX 20MG/ML,L04AX03
CAPC_38,EE_2032,capecitabine,ECANSYA,L01BC06
CAPC_38,EE_2033,capecitabine,ECANSYA,L01BC06
CAPC_38,EE_2034,capecitabine,ECANSYA,L01BC06
CAPC_26,EE_2035,azilsartan,EDARBI,C09CA09
CAPC_26,EE_2036,azilsartan,EDARBI,C09CA09
CAPC_26,EE_2037,azilsartan,EDARBI,C09CA09
CAPC_78,EE_2055,efavirenz,EFAVIRENZ SANDOZ,J05AG03
CAPC_78,EE_2056,efavirenz,EFAVIRENZ TEVA,J05AG03
CAPC_274,EE_2061,venlafaxine,EFEXOR XR,N06AX16
CAPC_274,EE_2062,venlafaxine,EFEXOR XR,N06AX16
CAPC_274,EE_2063,venlafaxine,EFEXOR XR,N06AX16
CAPC_96,EE_2064,fentanyl,EFFENTORA,N02AB03
CAPC_96,EE_2065,fentanyl,EFFENTORA,N02AB03
CAPC_96,EE_2066,fentanyl,EFFENTORA,N02AB03
CAPC_96,EE_2067,fentanyl,EFFENTORA,N02AB03
CAPC_96,EE_2068,fentanyl,EFFENTORA,N02AB03
CAPC_207,EE_2076,prasugrel,EFIENT,B01AC22
CAPC_207,EE_2077,prasugrel,EFIENT,B01AC22
CAPC_98,EE_2078,fingolimod,EFIGALO,L04AE01
CAPC_34,EE_2090,cabazitaxel,ELEBER,L01CD04
CAPC_87,EE_2094,esomeprazole,ELFIMEST,A02BC05
CAPC_86,EE_2095,escitalopram,ELICEA 10 MG,N06AB10
CAPC_86,EE_2096,escitalopram,ELICEA 20 MG,N06AB10
CAPC_86,EE_2097,escitalopram,ELICEA 5 MG,N06AB10
CAPC_86,EE_2098,escitalopram,ELICEA Q-TAB 10MG,N06AB10
CAPC_86,EE_2099,escitalopram,ELICEA Q-TAB 15MG,N06AB10
CAPC_86,EE_2100,escitalopram,ELICEA Q-TAB 20MG,N06AB10
CAPC_86,EE_2101,escitalopram,ELICEA Q-TAB 5MG,N06AB10
CAPC_15,EE_2106,apixaban,ELIQUIS,B01AF02
CAPC_15,EE_2107,apixaban,ELIQUIS,B01AF02
CAPC_15,EE_2108,apixaban,ELIQUIS,B01AF02
CAPC_15,EE_2109,apixaban,ELIQUIS,B01AF02
CAPC_15,EE_2110,apixaban,ELIQUIS,B01AF02
CAPC_15,EE_2111,apixaban,ELIQUIS,B01AF02
CAPC_207,EE_2112,prasugrel,ELISKARDIA,B01AC22
CAPC_207,EE_2113,prasugrel,ELISKARDIA,B01AC22
CAPC_32,EE_2148,bupropion,ELONTRIL,N06AX12
CAPC_32,EE_2149,bupropion,ELONTRIL,N06AX12
CAPC_82,EE_2154,eltrombopag,ELTROMBOPAG KRKA,B02BX05
CAPC_82,EE_2155,eltrombopag,ELTROMBOPAG KRKA,B02BX05
CAPC_82,EE_2156,eltrombopag,ELTROMBOPAG KRKA,B02BX05
CAPC_82,EE_2157,eltrombopag,ELTROMBOPAG OLPHA,B02BX05
CAPC_82,EE_2158,eltrombopag,ELTROMBOPAG OLPHA,B02BX05
CAPC_82,EE_2159,eltrombopag,ELTROMBOPAG OLPHA,B02BX05
CAPC_82,EE_2160,eltrombopag,ELTROMBOPAG OLPHA,B02BX05
CAPC_82,EE_2161,eltrombopag,ELTROMBOPAG SANDOZ,B02BX05
CAPC_82,EE_2162,eltrombopag,ELTROMBOPAG SANDOZ,B02BX05
CAPC_82,EE_2163,eltrombopag,ELTROMBOPAG SANDOZ,B02BX05
CAPC_82,EE_2164,eltrombopag,ELTROMBOPAG SANDOZ,B02BX05
CAPC_82,EE_2165,eltrombopag,ELTROMBOPAG STADA,B02BX05
CAPC_82,EE_2166,eltrombopag,ELTROMBOPAG STADA,B02BX05
CAPC_82,EE_2167,eltrombopag,ELTROMBOPAG STADA,B02BX05
CAPC_82,EE_2168,eltrombopag,ELTROMBOPAG ZENTIVA,B02BX05
CAPC_82,EE_2169,eltrombopag,ELTROMBOPAG TEVA,B02BX05
CAPC_82,EE_2170,eltrombopag,ELTROMBOPAG VIATRIS,B02BX05
CAPC_82,EE_2171,eltrombopag,ELTROMBOPAG VIATRIS,B02BX05
CAPC_82,EE_2172,eltrombopag,ELTROMBOPAG VIATRIS,B02BX05
CAPC_82,EE_2173,eltrombopag,ELTROMBOPAG VIATRIS,B02BX05
CAPC_140,EE_2176,lisdexamfetamine,ELVANSE,N06BA12
CAPC_140,EE_2177,lisdexamfetamine,ELVANSE,N06BA12
CAPC_140,EE_2178,lisdexamfetamine,ELVANSE,N06BA12
CAPC_140,EE_2179,lisdexamfetamine,ELVANSE,N06BA12
CAPC_140,EE_2180,lisdexamfetamine,ELVANSE,N06BA12
CAPC_140,EE_2181,lisdexamfetamine,ELVANSE,N06BA12
CAPC_17,EE_2187,aprepitant,EMEND,A04AD12
CAPC_17,EE_2188,aprepitant,EMEND,A04AD12
CAPC_17,EE_2189,aprepitant,EMEND,A04AD12
CAPC_17,EE_2190,aprepitant,EMEND,A04AD12
CAPC_17,EE_2191,aprepitant,EMEND,A04AD12
CAPC_17,EE_2192,aprepitant,EMEND,A04AD12
CAPC_172,EE_2195,naproxen,EMOX,M02AA12
CAPC_59,EE_2199,darifenacin,EMSELEX,G04BD10
CAPC_59,EE_2200,darifenacin,EMSELEX,G04BD10
CAPC_226,EE_2250,rivaroxaban,ENKIA,B01AF01
CAPC_226,EE_2251,rivaroxaban,ENKIA,B01AF01
CAPC_226,EE_2252,rivaroxaban,ENKIA,B01AF01
CAPC_83,EE_2261,enzalutamide,ENZALUTAMIDE ACCORD,L02BB04
CAPC_83,EE_2262,enzalutamide,ENZALUTAMIDE NORAMEDA,L02BB04
CAPC_83,EE_2263,enzalutamide,ENZALUTAMIDE SANDOZ,L02BB04
CAPC_83,EE_2264,enzalutamide,ENZALUTAMIDE SANDOZ,L02BB04
CAPC_83,EE_2265,enzalutamide,ENZALUTAMIDE STADA,L02BB04
CAPC_83,EE_2266,enzalutamide,ENZALUTAMIDE STADA,L02BB04
CAPC_83,EE_2267,enzalutamide,ENZALUTAMIDE VIATRIS,L02BB04
CAPC_83,EE_2268,enzalutamide,ENZALUTAMIDE VIATRIS,L02BB04
CAPC_242,EE_2287,tacrolimus,ENVARSUS,L04AD02
CAPC_242,EE_2288,tacrolimus,ENVARSUS,L04AD02
CAPC_242,EE_2289,tacrolimus,ENVARSUS,L04AD02
CAPC_37,EE_2301,cannabidiol,EPIDYOLEX,N03AX24
CAPC_56,EE_2335,cyclosporine,EQUORAL 100 MG,L04AD01
CAPC_85,EE_2346,erlotinib,ERLOTINIB VIATRIS,L01EB02
CAPC_85,EE_2347,erlotinib,ERLOTINIB VIATRIS,L01EB02
CAPC_87,EE_2355,esomeprazole,ESCADRA,A02BC05
CAPC_87,EE_2356,esomeprazole,ESCADRA,A02BC05
CAPC_87,EE_2357,esomeprazole,ESCADRA,A02BC05
CAPC_87,EE_2358,esomeprazole,ESCADRA CONTROL,A02BC05
CAPC_86,EE_2360,escitalopram,ESCITALOPRAM ACCORD 10 MG,N06AB10
CAPC_86,EE_2361,escitalopram,ESCITALOPRAM ACCORD 20 MG,N06AB10
CAPC_86,EE_2362,escitalopram,ESCITALOPRAM ACTAVIS,N06AB10
CAPC_86,EE_2363,escitalopram,ESCITALOPRAM ACTAVIS,N06AB10
CAPC_86,EE_2364,escitalopram,ESCITALOPRAM GRINDEKS,N06AB10
CAPC_86,EE_2365,escitalopram,ESCITALOPRAM GRINDEKS,N06AB10
CAPC_86,EE_2366,escitalopram,ESCITALOPRAM GRINDEKS,N06AB10
CAPC_86,EE_2367,escitalopram,ESCITALOPRAM ORION,N06AB10
CAPC_86,EE_2368,escitalopram,ESCITALOPRAM ORION,N06AB10
CAPC_86,EE_2369,escitalopram,ESCITALOPRAM ORION,N06AB10
CAPC_86,EE_2370,escitalopram,ESCITALOPRAM ORION,N06AB10
CAPC_86,EE_2371,escitalopram,ESCITALOPRAM TEVA,N06AB10
CAPC_86,EE_2372,escitalopram,ESCITALOPRAM TEVA,N06AB10
CAPC_88,EE_2376,eszopiclone,ESOGNO,N05CF04
CAPC_88,EE_2377,eszopiclone,ESOGNO,N05CF04
CAPC_88,EE_2378,eszopiclone,ESOGNO,N05CF04
CAPC_87,EE_2379,esomeprazole,ESOMEPRAZOLE ACTAVIS,A02BC05
CAPC_87,EE_2380,esomeprazole,ESOMEPRAZOLE ACTAVIS,A02BC05
CAPC_87,EE_2381,esomeprazole,ESOMEPRAZOLE ACTAVIS,A02BC05
CAPC_87,EE_2382,esomeprazole,ESOMEPRAZOLE HEXAL,A02BC05
CAPC_87,EE_2383,esomeprazole,ESOMEPRAZOLE SANDOZ,A02BC05
CAPC_87,EE_2384,esomeprazole,ESOMEPRAZOLE SANDOZ,A02BC05
CAPC_165,EE_2392,mirtazapine,ESPRITAL 30,N06AX11
CAPC_86,EE_2400,escitalopram,ESTAN,N06AB10
CAPC_86,EE_2401,escitalopram,ESTAN,N06AB10
CAPC_86,EE_2402,escitalopram,ESTAN,N06AB10
CAPC_86,EE_2403,escitalopram,ESTAN,N06AB10
CAPC_91,EE_2455,everolimus,EVEROLIMUS KRKA,L01EG02
CAPC_91,EE_2456,everolimus,EVEROLIMUS KRKA,L01EG02
CAPC_91,EE_2457,everolimus,EVEROLIMUS KRKA,L01EG02
CAPC_91,EE_2458,everolimus,EVEROLIMUS NORAMEDA,L01EG02
CAPC_91,EE_2459,everolimus,EVEROLIMUS NORAMEDA,L01EG02
CAPC_91,EE_2460,everolimus,EVEROLIMUS NORAMEDA,L01EG02
CAPC_181,EE_2467,norelgestromin and ethinyl estradiol,EVRA,G03AA13
CAPC_93,EE_2484,exemestane,EXEMESTANE ACCORD,L02BG06
CAPC_93,EE_2485,exemestane,EXEMESTANE SANOSWISS,L02BG06
CAPC_93,EE_2486,exemestane,EXEMESTANE ZENTIVA,L02BG06
CAPC_251,EE_2505,terbinafine,EXOTAFIN,D01AE15
CAPC_251,EE_2506,terbinafine,EXOTAFIN,D01AE15
CAPC_183,EE_2525,olanzapine,FARPENTA,N05AH03
CAPC_183,EE_2526,olanzapine,FARPENTA,N05AH03
CAPC_183,EE_2527,olanzapine,FARPENTA,N05AH03
CAPC_183,EE_2528,olanzapine,FARPENTA,N05AH03
CAPC_183,EE_2529,olanzapine,FARPENTA,N05AH03
CAPC_183,EE_2530,olanzapine,FARPENTA,N05AH03
CAPC_183,EE_2531,olanzapine,FARPENTA,N05AH03
CAPC_183,EE_2532,olanzapine,FARPENTA,N05AH03
CAPC_183,EE_2533,olanzapine,FARPENTA,N05AH03
CAPC_183,EE_2534,olanzapine,FARPENTA,N05AH03
CAPC_221,EE_2543,rasburicase,FASTURTEC,V03AF07
CAPC_70,EE_2557,diclofenac,FELOGEL,M02AA15
CAPC_96,EE_2565,fentanyl,FENTANYL BASI,N01AH01
CAPC_96,EE_2566,fentanyl,FENTANYL KALCEKS,N01AH01
CAPC_96,EE_2567,fentanyl,FENTANYL KALCEKS,N01AH01
CAPC_96,EE_2568,fentanyl,FENTANYL KALCEKS,N01AH01
CAPC_96,EE_2569,fentanyl,FENTANYL KALCEKS,N01AH01
CAPC_190,EE_2571,palonosetron,FERANT,A04AA05
CAPC_110,EE_2588,fluvoxamine,FEVARIN,N06AB08
CAPC_110,EE_2589,fluvoxamine,FEVARIN,N06AB08
CAPC_98,EE_2603,fingolimod,FINGOLIMOD ACCORD,L04AE01
CAPC_98,EE_2604,fingolimod,FINGOLIMOD MYLAN,L04AE01
CAPC_98,EE_2605,fingolimod,FINGOLIMOD NORAMEDA,L04AE01
CAPC_98,EE_2606,fingolimod,FINGOLIMOD REMEDICA,L04AE01
CAPC_98,EE_2607,fingolimod,FINGOLIMOD RICHTER,L04AE01
CAPC_98,EE_2608,fingolimod,FINGOLIMOD STADA,L04AE01
CAPC_98,EE_2609,fingolimod,FINGOLIMOD ZENTIVA,L04AE01
CAPC_9,EE_2614,amifampridine,FIRDAPSE,N07XX05
CAPC_246,EE_2637,tamsulosin,"FLOSIN 0,4MG",G04CA02
CAPC_246,EE_2638,tamsulosin,"FLOSIN 0,4MG",G04CA02
CAPC_106,EE_2642,flupentixol,FLUANXOL,N05AF01
CAPC_106,EE_2643,flupentixol,FLUANXOL DEPOT,N05AF01
CAPC_103,EE_2665,fluorouracil,FLUOROURACIL ACCORD 50 MG/ML SÜSTE-VÕI INFUSIOONILAHUS,L01BC02
CAPC_104,EE_2666,fluoxetine,FLUOXETINE VITABALANS,N06AB03
CAPC_108,EE_2667,flurbiprofen,FLURBIFLEX ORANGE,R02AX01
CAPC_109,EE_2671,fluvastatin,FLUVASTATIN ACTAVIS,C10AA04
CAPC_104,EE_2672,fluoxetine,FLUX,N06AB03
CAPC_104,EE_2673,fluoxetine,FLUX,N06AB03
CAPC_170,EE_2686,naloxone,FORVEL,V03AB15
CAPC_195,EE_2743,perampanel,FYCOMPA,N03AX22
CAPC_195,EE_2744,perampanel,FYCOMPA,N03AX22
CAPC_195,EE_2745,perampanel,FYCOMPA,N03AX22
CAPC_195,EE_2746,perampanel,FYCOMPA,N03AX22
CAPC_195,EE_2747,perampanel,FYCOMPA,N03AX22
CAPC_195,EE_2748,perampanel,FYCOMPA,N03AX22
CAPC_195,EE_2749,perampanel,FYCOMPA,N03AX22
CAPC_184,EE_2788,omeprazole,GASEC GASTROCAPS 10 MG,A02BC01
CAPC_184,EE_2789,omeprazole,GASEC GASTROCAPS 20 MG,A02BC01
CAPC_184,EE_2790,omeprazole,GASEC GASTROCAPS 20 MG,A02BC01
CAPC_184,EE_2791,omeprazole,GASEC GASTROCAPS 40 MG,A02BC01
CAPC_115,EE_2797,gefitinib,GEFITINIB AUXILIA,L01EB01
CAPC_115,EE_2798,gefitinib,GEFITINIB NORAMEDA,L01EB01
CAPC_98,EE_2822,fingolimod,GILENYA,L04AE01
CAPC_98,EE_2823,fingolimod,GILENYA,L04AE01
CAPC_123,EE_2844,imatinib,GLIPOX,L01EA01
CAPC_123,EE_2845,imatinib,GLIPOX,L01EA01
CAPC_123,EE_2846,imatinib,GLIVEC,L01EA01
CAPC_123,EE_2847,imatinib,GLIVEC,L01EA01
CAPC_123,EE_2848,imatinib,GLIVEC,L01EA01
CAPC_236,EE_2878,sildenafil,GRANPIDAM,G04BE03
CAPC_53,EE_2882,clopidogrel,GREPID,B01AC04
CAPC_236,EE_2888,sildenafil,GUBECEK,G04BE03
CAPC_219,EE_2896,ranolazine,HALIBRELL,C01EB18
CAPC_219,EE_2897,ranolazine,HALIBRELL,C01EB18
CAPC_219,EE_2898,ranolazine,HALIBRELL,C01EB18
CAPC_117,EE_2899,haloperidol,HALOPERIDOL DECANOATE-RICHTER,N05AD01
CAPC_117,EE_2900,haloperidol,HALOPERIDOL-RICHTER,N05AD01
CAPC_117,EE_2901,haloperidol,HALOPERIDOL-RICHTER,N05AD01
CAPC_117,EE_2902,haloperidol,HALOPERIDOL-RICHTER,N05AD01
CAPC_117,EE_2903,haloperidol,HALOPERIDOL-RICHTER,N05AD01
CAPC_213,EE_2935,propranolol,HEMANGIOL,C07AA05
CAPC_12,EE_2971,amlodipine,HIPRES,C08CA01
CAPC_12,EE_2972,amlodipine,HIPRES,C08CA01
CAPC_125,EE_2973,indacaterol,HIROBRIZ BREEZHALER,R03AC18
CAPC_125,EE_2974,indacaterol,HIROBRIZ BREEZHALER,R03AC18
CAPC_120,EE_3025,hydromorphone,HYDROMORPHONE KALCEKS,N02AA03
CAPC_120,EE_3026,hydromorphone,HYDROMORPHONE KALCEKS,N02AA03
CAPC_120,EE_3027,hydromorphone,HYDROMORPHONE KALCEKS,N02AA03
CAPC_120,EE_3028,hydromorphone,HYDROMORPHONE KALCEKS,N02AA03
CAPC_239,EE_3030,sirolimus,HYFTOR,L01EG04
CAPC_121,EE_3064,ibuprofen,IBUMAX,M01AE01
CAPC_121,EE_3065,ibuprofen,IBUMAX,M01AE01
CAPC_121,EE_3066,ibuprofen,IBUMAX,M01AE01
CAPC_121,EE_3067,ibuprofen,IBUMED,M01AE01
CAPC_121,EE_3068,ibuprofen,IBUMED,M01AE01
CAPC_121,EE_3069,ibuprofen,IBUMETIN,M01AE01
CAPC_121,EE_3070,ibuprofen,IBUMETIN,M01AE01
CAPC_121,EE_3071,ibuprofen,IBUMETIN,M01AE01
CAPC_121,EE_3072,ibuprofen,IBUMETIN EXPRESS,M01AE01
CAPC_121,EE_3073,ibuprofen,IBUPROFEN ACCORD,M01AE01
CAPC_121,EE_3074,ibuprofen,IBUPROFEN ACCORD,M01AE01
CAPC_121,EE_3075,ibuprofen,IBUPROFEN ACCORD,M01AE01
CAPC_121,EE_3076,ibuprofen,IBUPROFEN B. BRAUN,M01AE01
CAPC_121,EE_3077,ibuprofen,IBUPROFEN B. BRAUN,M01AE01
CAPC_121,EE_3078,ibuprofen,IBUPROFEN B. BRAUN,M01AE01
CAPC_121,EE_3079,ibuprofen,IBUPROFEN CATALENT,M01AE01
CAPC_121,EE_3080,ibuprofen,IBUPROFEN CATALENT,M01AE01
CAPC_121,EE_3081,ibuprofen,IBUPROFEN GEN.ORPH,C01EB16
CAPC_121,EE_3082,ibuprofen,IBUPROFEN LANNACHER,M01AE01
CAPC_121,EE_3083,ibuprofen,IBUPROFEN LANNACHER,M01AE01
CAPC_121,EE_3084,ibuprofen,IBUPROFEN NUTRA ESSENTIAL,M01AE01
CAPC_121,EE_3085,ibuprofen,IBUPROFEN NUTRA ESSENTIAL,M01AE01
CAPC_121,EE_3086,ibuprofen,IBUPROFEN NUTRA ESSENTIAL,M01AE01
CAPC_121,EE_3087,ibuprofen,IBUPROFEN NUTRA ESSENTIAL,M01AE01
CAPC_121,EE_3088,ibuprofen,IBUPROFEN NVT,M01AE01
CAPC_121,EE_3089,ibuprofen,IBUPROFEN ZENTIVA,M01AE01
CAPC_121,EE_3090,ibuprofen,IBUPROFEN ZENTIVA,M01AE01
CAPC_121,EE_3091,ibuprofen,IBUPROFEN-GRINDEKS,M01AE01
CAPC_121,EE_3092,ibuprofen,IBUPROFEN-GRINDEKS,M01AE01
CAPC_121,EE_3093,ibuprofen,IBUPROFENUM US PHARMACIA,M01AE01
CAPC_121,EE_3094,ibuprofen,IBUPROFENUM US PHARMACIA,M01AE01
CAPC_121,EE_3095,ibuprofen,IBUSTAR,M01AE01
CAPC_121,EE_3096,ibuprofen,IBUSTAR,M01AE01
CAPC_121,EE_3097,ibuprofen,IBUSTAR FORTE,M01AE01
CAPC_121,EE_3098,ibuprofen,IBUTOP,M02AA13
CAPC_126,EE_3125,irbesartan,IFIRMASTA,C09CA04
CAPC_126,EE_3126,irbesartan,IFIRMASTA,C09CA04
CAPC_126,EE_3127,irbesartan,IFIRMASTA,C09CA04
CAPC_16,EE_3135,apremilast,IMAPLIX,L04AA32
CAPC_16,EE_3136,apremilast,IMAPLIX,L04AA32
CAPC_123,EE_3139,imatinib,IMATINIB ACCORD,L01EA01
CAPC_123,EE_3140,imatinib,IMATINIB ACCORD,L01EA01
CAPC_123,EE_3141,imatinib,IMATINIB GRINDEKS,L01EA01
CAPC_123,EE_3142,imatinib,IMATINIB SANDOZ,L01EA01
CAPC_123,EE_3143,imatinib,IMATINIB SANDOZ,L01EA01
CAPC_123,EE_3144,imatinib,IMATINIB TEVA,L01EA01
CAPC_123,EE_3145,imatinib,IMATINIB TEVA,L01EA01
CAPC_123,EE_3146,imatinib,IMATINIB TEVA,L01EA01
CAPC_123,EE_3147,imatinib,IMATINIB TEVA,L01EA01
CAPC_284,EE_3174,zopiclone,IMOVANE,N05CF01
CAPC_284,EE_3175,zopiclone,IMOVANE,N05CF01
CAPC_25,EE_3186,azathioprine,IMURAN,L04AX01
CAPC_25,EE_3187,azathioprine,IMURAN,L04AX01
CAPC_25,EE_3188,azathioprine,IMURAN,L04AX01
CAPC_94,EE_3228,fedratinib,INREBIC,L01EJ02
CAPC_96,EE_3229,fentanyl,INSTANYL,N02AB03
CAPC_96,EE_3230,fentanyl,INSTANYL,N02AB03
CAPC_96,EE_3231,fentanyl,INSTANYL,N02AB03
CAPC_96,EE_3232,fentanyl,INSTANYL,N02AB03
CAPC_96,EE_3233,fentanyl,INSTANYL,N02AB03
CAPC_96,EE_3234,fentanyl,INSTANYL,N02AB03
CAPC_116,EE_3273,guanfacine,INTUNIV,C02AC02
CAPC_116,EE_3274,guanfacine,INTUNIV,C02AC02
CAPC_116,EE_3275,guanfacine,INTUNIV,C02AC02
CAPC_116,EE_3276,guanfacine,INTUNIV,C02AC02
CAPC_192,EE_3294,pantoprazole,IPRAALOX,A02BC02
CAPC_126,EE_3302,irbesartan,IRBESARTAN ZENTIVA,C09CA04
CAPC_126,EE_3303,irbesartan,IRBESARTAN ZENTIVA,C09CA04
CAPC_126,EE_3304,irbesartan,IRBESARTAN ZENTIVA,C09CA04
CAPC_126,EE_3305,irbesartan,IRBESARTAN ZENTIVA,C09CA04
CAPC_126,EE_3306,irbesartan,IRBESARTAN ZENTIVA,C09CA04
CAPC_126,EE_3307,irbesartan,IRBESARTAN ZENTIVA,C09CA04
CAPC_126,EE_3308,irbesartan,IRBESARTAN TEVA,C09CA04
CAPC_126,EE_3309,irbesartan,IRBESARTAN TEVA,C09CA04
CAPC_126,EE_3310,irbesartan,IRBESARTAN TEVA,C09CA04
CAPC_115,EE_3314,gefitinib,IRESSA,L01EB01
CAPC_127,EE_3316,irinotecan,IRINOTECAN ACCORD,L01CE02
CAPC_127,EE_3317,irinotecan,IRINOTECAN KABI 20 MG/ML,L01CE02
CAPC_53,EE_3318,clopidogrel,ISCOVER,B01AC04
CAPC_53,EE_3319,clopidogrel,ISCOVER,B01AC04
CAPC_218,EE_3320,raltegravir,ISENTRESS,J05AJ01
CAPC_218,EE_3321,raltegravir,ISENTRESS,J05AJ01
CAPC_218,EE_3322,raltegravir,ISENTRESS,J05AJ01
CAPC_218,EE_3323,raltegravir,ISENTRESS,J05AJ01
CAPC_218,EE_3324,raltegravir,ISENTRESS,J05AJ01
CAPC_130,EE_3339,itraconazole,ITRACONAZOL ACTAVIS,J02AC02
CAPC_131,EE_3342,ivabradine,IVABRADINE ACCORD,C01EB17
CAPC_131,EE_3343,ivabradine,IVABRADINE ACCORD,C01EB17
CAPC_131,EE_3344,ivabradine,IVABRADINE ANPHARM,C01EB17
CAPC_131,EE_3345,ivabradine,IVABRADINE ANPHARM,C01EB17
CAPC_131,EE_3346,ivabradine,IVABRADINE GRINDEKS,C01EB17
CAPC_131,EE_3347,ivabradine,IVABRADINE GRINDEKS,C01EB17
CAPC_131,EE_3348,ivabradine,IVABRADINE ZENTIVA,C01EB17
CAPC_131,EE_3349,ivabradine,IVABRADINE ZENTIVA,C01EB17
CAPC_131,EE_3350,ivabradine,IVABRADINE VIATRIS,C01EB17
CAPC_131,EE_3351,ivabradine,IVABRADINE VIATRIS,C01EB17
CAPC_8,EE_3353,alprazolam,IXHALANEX,N05BA12
CAPC_8,EE_3354,alprazolam,IXHALANEX,N05BA12
CAPC_8,EE_3355,alprazolam,IXHALANEX,N05BA12
CAPC_230,EE_3357,ruxolitinib,JAKAVI,L01EJ01
CAPC_230,EE_3358,ruxolitinib,JAKAVI,L01EJ01
CAPC_230,EE_3359,ruxolitinib,JAKAVI,L01EJ01
CAPC_230,EE_3360,ruxolitinib,JAKAVI,L01EJ01
CAPC_25,EE_3379,azathioprine,JAYEMPI,L04AX01
CAPC_34,EE_3388,cabazitaxel,JEVTANA,L01CD04
CAPC_157,EE_3407,methotrexate,JYLAMVO,L01BA01
CAPC_134,EE_3438,lacosamide,KANILAD,N03AX18
CAPC_134,EE_3439,lacosamide,KANILAD,N03AX18
CAPC_134,EE_3440,lacosamide,KANILAD,N03AX18
CAPC_226,EE_3452,rivaroxaban,KARDATUXAN,B01AF01
CAPC_226,EE_3453,rivaroxaban,KARDATUXAN,B01AF01
CAPC_226,EE_3454,rivaroxaban,KARDATUXAN,B01AF01
CAPC_226,EE_3455,rivaroxaban,KARDATUXAN,B01AF01
CAPC_126,EE_3456,irbesartan,KARVEA,C09CA04
CAPC_126,EE_3457,irbesartan,KARVEA,C09CA04
CAPC_126,EE_3458,irbesartan,KARVEA,C09CA04
CAPC_126,EE_3459,irbesartan,KARVEA,C09CA04
CAPC_126,EE_3460,irbesartan,KARVEA,C09CA04
CAPC_126,EE_3461,irbesartan,KARVEA,C09CA04
CAPC_188,EE_3476,oxybutynin,KENTERA,G04BD04
CAPC_188,EE_3477,oxybutynin,KENTERA,G04BD04
CAPC_188,EE_3478,oxybutynin,KENTERA,G04BD04
CAPC_215,EE_3494,quetiapine,KETIPINOR,N05AH04
CAPC_215,EE_3495,quetiapine,KETIPINOR,N05AH04
CAPC_215,EE_3496,quetiapine,KETIPINOR,N05AH04
CAPC_215,EE_3497,quetiapine,KETIPINOR,N05AH04
CAPC_215,EE_3498,quetiapine,KETIPINOR,N05AH04
CAPC_215,EE_3499,quetiapine,KETIPINOR,N05AH04
CAPC_256,EE_3554,ticagrelor,KOGAVANT,B01AC24
CAPC_256,EE_3555,ticagrelor,KOGAVANT,B01AC24
CAPC_3,EE_3567,adagrasib,KRAZATI,L01XX77
CAPC_215,EE_3575,quetiapine,KVENTIAX,N05AH04
CAPC_215,EE_3576,quetiapine,KVENTIAX,N05AH04
CAPC_215,EE_3577,quetiapine,KVENTIAX,N05AH04
CAPC_215,EE_3578,quetiapine,KVENTIAX,N05AH04
CAPC_215,EE_3579,quetiapine,KVENTIAX,N05AH04
CAPC_215,EE_3580,quetiapine,KVENTIAX SR,N05AH04
CAPC_215,EE_3581,quetiapine,KVENTIAX SR,N05AH04
CAPC_215,EE_3582,quetiapine,KVENTIAX SR,N05AH04
CAPC_215,EE_3583,quetiapine,KVENTIAX SR,N05AH04
CAPC_215,EE_3584,quetiapine,KVENTIAX SR,N05AH04
CAPC_134,EE_3596,lacosamide,LACOSAMIDE ACCORD,N03AX18
CAPC_134,EE_3597,lacosamide,LACOSAMIDE ACCORD,N03AX18
CAPC_134,EE_3598,lacosamide,LACOSAMIDE ACCORD,N03AX18
CAPC_134,EE_3599,lacosamide,LACOSAMIDE ACCORD,N03AX18
CAPC_134,EE_3600,lacosamide,LACOSAMIDE ACCORD,N03AX18
CAPC_134,EE_3601,lacosamide,LACOSAMIDE ACCORD,N03AX18
CAPC_134,EE_3602,lacosamide,LACOSAMIDE ADROIQ,N03AX18
CAPC_134,EE_3603,lacosamide,LACOSAMIDE ALEMBIC,N03AX18
CAPC_134,EE_3604,lacosamide,LACOSAMIDE ALEMBIC,N03AX18
CAPC_134,EE_3605,lacosamide,LACOSAMIDE ALEMBIC,N03AX18
CAPC_134,EE_3606,lacosamide,LACOSAMIDE ALEMBIC,N03AX18
CAPC_134,EE_3607,lacosamide,LACOSAMIDE FRESENIUS KABI,N03AX18
CAPC_134,EE_3608,lacosamide,LACOSAMIDE TEVA,N03AX18
CAPC_134,EE_3609,lacosamide,LACOSAMIDE TEVA,N03AX18
CAPC_134,EE_3610,lacosamide,LACOSAMIDE UCB,N03AX18
CAPC_134,EE_3611,lacosamide,LACOSAMIDE UCB,N03AX18
CAPC_134,EE_3612,lacosamide,LACOSAMIDE UCB,N03AX18
CAPC_134,EE_3613,lacosamide,LACOSAMIDE UCB,N03AX18
CAPC_134,EE_3614,lacosamide,LACOSAMIDE UCB,N03AX18
CAPC_134,EE_3615,lacosamide,LACOSAMIDE UCB,N03AX18
CAPC_134,EE_3616,lacosamide,LACOSAMIDE UCB,N03AX18
CAPC_256,EE_3617,ticagrelor,LACRAT,B01AC24
CAPC_256,EE_3618,ticagrelor,LACRAT,B01AC24
CAPC_4,EE_3620,agomelatine,LAMEGOM,N06AX22
CAPC_251,EE_3628,terbinafine,LAMISIL,D01AE15
CAPC_251,EE_3629,terbinafine,LAMISIL,D01AE15
CAPC_251,EE_3630,terbinafine,LAMISIL,D01BA02
CAPC_251,EE_3631,terbinafine,LAMISIL,D01BA02
CAPC_251,EE_3632,terbinafine,LAMISIL DERMGEL,D01AE15
CAPC_251,EE_3633,terbinafine,LAMISIL UNO,D01AE15
CAPC_135,EE_3638,lansoprazole,LANZOSTAD 15 MG,A02BC03
CAPC_135,EE_3639,lansoprazole,LANZOSTAD 30 MG,A02BC03
CAPC_135,EE_3640,lansoprazole,LANZUL,A02BC03
CAPC_253,EE_3644,thioguanine,LANVIS,L01BB03
CAPC_136,EE_3653,lazertinib,LAZCLUZE,L01EB09
CAPC_136,EE_3654,lazertinib,LAZCLUZE,L01EB09
CAPC_147,EE_3660,lurasidone,LATUDA,N05AE05
CAPC_147,EE_3661,lurasidone,LATUDA,N05AE05
CAPC_147,EE_3662,lurasidone,LATUDA,N05AE05
CAPC_242,EE_3664,tacrolimus,LEBSANAN,D11AH01
CAPC_137,EE_3668,leflunomide,LEFLUNOMIDE ELVIM,L04AK01
CAPC_137,EE_3669,leflunomide,LEFLUNOMIDE ELVIM,L04AK01
CAPC_137,EE_3670,leflunomide,LEFLUNOMIDE MEDAC,L04AK01
CAPC_137,EE_3671,leflunomide,LEFLUNOMIDE MEDAC,L04AK01
CAPC_137,EE_3672,leflunomide,LEFLUNOMIDE MEDAC,L04AK01
CAPC_137,EE_3673,leflunomide,LEFLUNOMIDE RATIOPHARM,L04AK01
CAPC_137,EE_3674,leflunomide,LEFLUNOMIDE RATIOPHARM,L04AK01
CAPC_137,EE_3675,leflunomide,LEFLUNOMIDE ZENTIVA,L04AK01
CAPC_137,EE_3676,leflunomide,LEFLUNOMIDE ZENTIVA,L04AK01
CAPC_137,EE_3677,leflunomide,LEFLUNOMIDE ZENTIVA,L04AK01
CAPC_134,EE_3724,lacosamide,LEPLIZEN,N03AX18
CAPC_54,EE_3725,clozapine,LEPONEX,N05AH02
CAPC_54,EE_3726,clozapine,LEPONEX,N05AH02
CAPC_54,EE_3727,clozapine,LEPONEX,N05AH02
CAPC_109,EE_3742,fluvastatin,LESCOL XL,C10AA04
CAPC_109,EE_3743,fluvastatin,LESCOL XL,C10AA04
CAPC_109,EE_3744,fluvastatin,LESCOL XL,C10AA04
CAPC_273,EE_3780,vardenafil,LEVITRA,G04BE09
CAPC_273,EE_3781,vardenafil,LEVITRA,G04BE09
CAPC_273,EE_3782,vardenafil,LEVITRA,G04BE09
CAPC_273,EE_3783,vardenafil,LEVITRA,G04BE09
CAPC_142,EE_3905,lorazepam,LORANS,N05BA06
CAPC_142,EE_3906,lorazepam,LORANS,N05BA06
CAPC_144,EE_3912,losartan,LORISTA,C09CA01
CAPC_144,EE_3913,losartan,LORISTA,C09CA01
CAPC_144,EE_3920,losartan,LOSARTAN STADA,C09CA01
CAPC_144,EE_3921,losartan,LOSARTAN STADA,C09CA01
CAPC_144,EE_3922,losartan,LOSARTAN STADA,C09CA01
CAPC_144,EE_3923,losartan,LOSARTAN STADA,C09CA01
CAPC_144,EE_3932,losartan,LOZAP 100,C09CA01
CAPC_144,EE_3933,losartan,LOZAP 50,C09CA01
CAPC_96,EE_3958,fentanyl,LUNALDIN,N02AB03
CAPC_96,EE_3959,fentanyl,LUNALDIN,N02AB03
CAPC_96,EE_3960,fentanyl,LUNALDIN,N02AB03
CAPC_96,EE_3961,fentanyl,LUNALDIN,N02AB03
CAPC_96,EE_3962,fentanyl,LUNALDIN,N02AB03
CAPC_96,EE_3963,fentanyl,LUNALDIN,N02AB03
CAPC_180,EE_4025,nitrofurantoin,MAGROMAG,J01XE01
CAPC_281,EE_4037,warfarin,MAREVAN,B01AA03
CAPC_281,EE_4038,warfarin,MAREVAN,B01AA03
CAPC_281,EE_4039,warfarin,MAREVAN,B01AA03
CAPC_281,EE_4040,warfarin,MAREVAN FORTE,B01AA03
CAPC_96,EE_4049,fentanyl,MATRIFEN,N02AB03
CAPC_96,EE_4050,fentanyl,MATRIFEN,N02AB03
CAPC_96,EE_4051,fentanyl,MATRIFEN,N02AB03
CAPC_96,EE_4052,fentanyl,MATRIFEN,N02AB03
CAPC_96,EE_4053,fentanyl,MATRIFEN,N02AB03
CAPC_238,EE_4064,siponimod,MAYZENT,L04AE03
CAPC_238,EE_4065,siponimod,MAYZENT,L04AE03
CAPC_238,EE_4066,siponimod,MAYZENT,L04AE03
CAPC_123,EE_4067,imatinib,MEAXIN,L01EA01
CAPC_123,EE_4068,imatinib,MEAXIN,L01EA01
CAPC_225,EE_4089,risperidone,MEDORISPER,N05AX08
CAPC_225,EE_4090,risperidone,MEDORISPER,N05AX08
CAPC_225,EE_4091,risperidone,MEDORISPER,N05AX08
CAPC_154,EE_4109,meloxicam,MELOX,M01AC06
CAPC_154,EE_4110,meloxicam,MELOX 15MG,M01AC06
CAPC_154,EE_4111,meloxicam,"MELOX 7,5MG",M01AC06
CAPC_156,EE_4159,methadone,METADON DAK,N07BC02
CAPC_156,EE_4160,methadone,METADON DAK 1 MG/ML,N07BC02
CAPC_157,EE_4164,methotrexate,METEX,L04AX03
CAPC_157,EE_4165,methotrexate,METEX,L04AX03
CAPC_157,EE_4166,methotrexate,METEX,L04AX03
CAPC_157,EE_4167,methotrexate,METEX,L04AX03
CAPC_157,EE_4168,methotrexate,METEX,L04AX03
CAPC_157,EE_4169,methotrexate,METEX,L04AX03
CAPC_157,EE_4170,methotrexate,METEX,L04AX03
CAPC_157,EE_4171,methotrexate,METEX,L04AX03
CAPC_157,EE_4172,methotrexate,METEX,L04AX03
CAPC_157,EE_4173,methotrexate,METEX,L04AX03
CAPC_157,EE_4174,methotrexate,METEX,L04AX03
CAPC_157,EE_4198,methotrexate,METHOTREXATE ACCORD,L01BA01
CAPC_157,EE_4199,methotrexate,METHOTREXATE ACCORD,L01BA01
CAPC_157,EE_4200,methotrexate,METHOTREXATE EBEWE 100 MG/ML,L01BA01
CAPC_157,EE_4201,methotrexate,METHOTREXATE EBEWE 100 MG/ML,L01BA01
CAPC_157,EE_4202,methotrexate,METHOTREXATE EBEWE 100 MG/ML,L01BA01
CAPC_158,EE_4203,methylene blue,METHYLTHIONINIUM CHLORIDE PROVEBLUE,V03AB17
CAPC_159,EE_4204,metoclopramide,METOCLOPRAMIDE ACCORD,A03FA01
CAPC_159,EE_4205,metoclopramide,METOCLOPRAMIDE BASI,A03FA01
CAPC_160,EE_4206,metoprolol,METOPROLOL STADA,C07AB02
CAPC_160,EE_4207,metoprolol,METOPROLOL-RATIOPHARM 50 MG,C07AB02
CAPC_160,EE_4208,metoprolol,METOPROLOL-RATIOPHARM RETARD 50 MG,C07AB02
CAPC_160,EE_4209,metoprolol,METOZOK,C07AB02
CAPC_160,EE_4210,metoprolol,METOZOK,C07AB02
CAPC_160,EE_4211,metoprolol,METOZOK,C07AB02
CAPC_162,EE_4228,midazolam,MIDAZOLAM ACCORD 1MG/ML,N05CD08
CAPC_162,EE_4229,midazolam,MIDAZOLAM ACCORD 5MG/ML,N05CD08
CAPC_162,EE_4230,midazolam,MIDAZOLAM B. BRAUN 1MG/ML,N05CD08
CAPC_162,EE_4231,midazolam,MIDAZOLAM B. BRAUN 5MG/ML,N05CD08
CAPC_162,EE_4232,midazolam,MIDAZOLAM KALCEKS,N05CD08
CAPC_162,EE_4233,midazolam,MIDAZOLAM KALCEKS,N05CD08
CAPC_164,EE_4261,mirabegron,MIRABEGRON ZENTIVA,G04BD12
CAPC_165,EE_4285,mirtazapine,MIRZATEN,N06AX11
CAPC_165,EE_4286,mirtazapine,MIRZATEN,N06AX11
CAPC_165,EE_4287,mirtazapine,MIRZATEN,N06AX11
CAPC_165,EE_4288,mirtazapine,MIRZATEN Q-TAB,N06AX11
CAPC_165,EE_4289,mirtazapine,MIRZATEN Q-TAB,N06AX11
CAPC_165,EE_4290,mirtazapine,MIRZATEN Q-TAB,N06AX11
CAPC_165,EE_4291,mirtazapine,MIRTASTAD 15 MG,N06AX11
CAPC_165,EE_4292,mirtazapine,MIRTASTAD 30 MG,N06AX11
CAPC_165,EE_4293,mirtazapine,MIRTAZAPIN ACTAVIS,N06AX11
CAPC_165,EE_4294,mirtazapine,MIRTAZAPIN ACTAVIS,N06AX11
CAPC_165,EE_4295,mirtazapine,MIRTAZAPIN ACTAVIS,N06AX11
CAPC_165,EE_4296,mirtazapine,MIRTAZAPIN ORION,N06AX11
CAPC_165,EE_4297,mirtazapine,MIRTAZAPIN ORION,N06AX11
CAPC_165,EE_4298,mirtazapine,MIRTAZAPIN ORION,N06AX11
CAPC_242,EE_4319,tacrolimus,MODIGRAF,L04AD02
CAPC_242,EE_4320,tacrolimus,MODIGRAF,L04AD02
CAPC_154,EE_4350,meloxicam,MOVALIS,M01AC06
CAPC_154,EE_4351,meloxicam,MOVALIS,M01AC06
CAPC_154,EE_4352,meloxicam,MOVALIS,M01AC06
CAPC_154,EE_4353,meloxicam,MOVALIS,M01AC06
CAPC_154,EE_4354,meloxicam,MOVALIS,M01AC06
CAPC_148,EE_4371,lusutrombopag,MULPLEO,B02BX07
CAPC_76,EE_4372,dronedarone,MULTAQ,C01BD07
CAPC_168,EE_4382,morphine,MXL 30 MG,N02AA01
CAPC_236,EE_4404,sildenafil,MYSILDECARD,G04BE03
CAPC_70,EE_4407,diclofenac,NAKLOFEN,M01AB05
CAPC_172,EE_4408,naproxen,NALGESIN FORTE,M01AE02
CAPC_172,EE_4409,naproxen,NALGESIN S,M01AE02
CAPC_171,EE_4410,naltrexone,NALTREXONE ACCORD,N07BB04
CAPC_161,EE_4411,mexiletine,NAMUSCLA,C01BB02
CAPC_173,EE_4426,nebivolol,NEBICARD 5MG,C07AB12
CAPC_173,EE_4427,nebivolol,NEBILET,C07AB12
CAPC_173,EE_4428,nebivolol,NEBILET,C07AB12
CAPC_173,EE_4431,nebivolol,NEBIPHAR,C07AB12
CAPC_173,EE_4432,nebivolol,NEBIVOLOL ACTAVIS,C07AB12
CAPC_173,EE_4433,nebivolol,NEBIVOLOL STADA,C07AB12
CAPC_87,EE_4505,esomeprazole,NEXIUM,A02BC05
CAPC_87,EE_4506,esomeprazole,NEXIUM,A02BC05
CAPC_87,EE_4507,esomeprazole,NEXIUM,A02BC05
CAPC_87,EE_4508,esomeprazole,NEXIUM,A02BC05
CAPC_87,EE_4509,esomeprazole,NEXIUM,A02BC05
CAPC_87,EE_4510,esomeprazole,NEXIUM,A02BC05
CAPC_87,EE_4511,esomeprazole,NEXIUM,A02BC05
CAPC_87,EE_4512,esomeprazole,NEXIUM CONTROL,A02BC05
CAPC_87,EE_4513,esomeprazole,NEXIUM CONTROL,A02BC05
CAPC_87,EE_4514,esomeprazole,NEXMEZOL 20 MG,A02BC05
CAPC_87,EE_4515,esomeprazole,NEXMEZOL 40 MG,A02BC05
CAPC_177,EE_4541,nilotinib,NILOTINIB ACCORD,L01EA03
CAPC_177,EE_4542,nilotinib,NILOTINIB ACCORD,L01EA03
CAPC_177,EE_4543,nilotinib,NILOTINIB ACCORD,L01EA03
CAPC_177,EE_4544,nilotinib,NILOTINIB STADA,L01EA03
CAPC_177,EE_4545,nilotinib,NILOTINIB STADA,L01EA03
CAPC_177,EE_4546,nilotinib,NILOTINIB STADA,L01EA03
CAPC_177,EE_4547,nilotinib,NILOTINIB ZENTIVA,L01EA03
CAPC_177,EE_4548,nilotinib,NILOTINIB ZENTIVA,L01EA03
CAPC_177,EE_4549,nilotinib,NILOTINIB VIATRIS,L01EA03
CAPC_178,EE_4552,nimodipine,NIMOTOP,C08CA06
CAPC_178,EE_4553,nimodipine,"NIMOTOP 0,2 MG/ML",C08CA06
CAPC_180,EE_4596,nitrofurantoin,NITROFURANTOIN ORIFARM,J01XE01
CAPC_180,EE_4597,nitrofurantoin,NITROFURANTOIN ORIFARM,J01XE01
CAPC_173,EE_4610,nebivolol,NOLIBETA,C07AB12
CAPC_192,EE_4615,pantoprazole,NOLPAZA,A02BC02
CAPC_192,EE_4616,pantoprazole,NOLPAZA,A02BC02
CAPC_192,EE_4617,pantoprazole,NOLPAZA,A02BC02
CAPC_192,EE_4618,pantoprazole,NOLPAZA,A02BC02
CAPC_157,EE_4622,methotrexate,NORDIMET,L04AX03
CAPC_157,EE_4623,methotrexate,NORDIMET,L04AX03
CAPC_182,EE_4631,nortriptyline,NORITREN,N06AA10
CAPC_182,EE_4637,nortriptyline,NORTRIPTYLINE SANOSWISS,N06AA10
CAPC_12,EE_4638,amlodipine,NORVASC,C08CA01
CAPC_12,EE_4639,amlodipine,NORVASC,C08CA01
CAPC_12,EE_4640,amlodipine,NORVASC,C08CA01
CAPC_12,EE_4641,amlodipine,NORVASC,C08CA01
CAPC_12,EE_4642,amlodipine,NORVASC,C08CA01
CAPC_12,EE_4643,amlodipine,NORVASC,C08CA01
CAPC_206,EE_4680,posaconazole,NOXAFIL,J02AC04
CAPC_206,EE_4681,posaconazole,NOXAFIL,J02AC04
CAPC_206,EE_4682,posaconazole,NOXAFIL,J02AC04
CAPC_206,EE_4683,posaconazole,NOXAFIL,J02AC04
CAPC_121,EE_4699,ibuprofen,NUROFEN,M01AE01
CAPC_121,EE_4700,ibuprofen,NUROFEN,M02AA13
CAPC_121,EE_4701,ibuprofen,NUROFEN EXPRESS,M01AE01
CAPC_121,EE_4702,ibuprofen,NUROFEN FORTE,M01AE01
CAPC_121,EE_4703,ibuprofen,NUROFEN FORTE EXPRESS,M01AE01
CAPC_121,EE_4704,ibuprofen,NUROFEN FORTE ORANGE,M01AE01
CAPC_121,EE_4705,ibuprofen,NUROFEN FORTE ORANGE,M01AE01
CAPC_121,EE_4706,ibuprofen,NUROFEN FORTE STRAWBERRY,M01AE01
CAPC_121,EE_4707,ibuprofen,NUROFEN FORTE STRAWBERRY,M01AE01
CAPC_121,EE_4708,ibuprofen,NUROFEN ORANGE,M01AE01
CAPC_170,EE_4728,naloxone,NYXOID,V03AB15
CAPC_225,EE_4768,risperidone,OKEDI,N05AX08
CAPC_225,EE_4769,risperidone,OKEDI,N05AX08
CAPC_183,EE_4770,olanzapine,OLANZAPIN ACTAVIS,N05AH03
CAPC_183,EE_4771,olanzapine,OLANZAPIN ACTAVIS,N05AH03
CAPC_183,EE_4772,olanzapine,OLANZAPINE ACCORD 10 MG,N05AH03
CAPC_183,EE_4773,olanzapine,OLANZAPINE ACCORD 15 MG,N05AH03
CAPC_183,EE_4774,olanzapine,OLANZAPINE ACCORD 5 MG,N05AH03
CAPC_183,EE_4775,olanzapine,OLANZAPINE ACTAVIS,N05AH03
CAPC_183,EE_4776,olanzapine,OLANZAPINE ACTAVIS,N05AH03
CAPC_183,EE_4777,olanzapine,OLANZAPINE ACTAVIS,N05AH03
CAPC_183,EE_4778,olanzapine,OLANZAPINE APOTEX,N05AH03
CAPC_183,EE_4779,olanzapine,OLANZAPINE APOTEX,N05AH03
CAPC_183,EE_4780,olanzapine,OLANZAPINE APOTEX,N05AH03
CAPC_183,EE_4781,olanzapine,OLANZAPINE APOTEX,N05AH03
CAPC_183,EE_4782,olanzapine,OLANZAPINE APOTEX,N05AH03
CAPC_183,EE_4783,olanzapine,OLANZAPINE APOTEX,N05AH03
CAPC_183,EE_4784,olanzapine,OLANZAPINE APOTEX,N05AH03
CAPC_183,EE_4785,olanzapine,OLANZAPINE APOTEX,N05AH03
CAPC_183,EE_4786,olanzapine,OLANZAPINE GLENMARK,N05AH03
CAPC_183,EE_4787,olanzapine,OLANZAPINE GLENMARK,N05AH03
CAPC_183,EE_4788,olanzapine,OLANZAPINE GLENMARK,N05AH03
CAPC_183,EE_4789,olanzapine,OLANZAPINE GLENMARK,N05AH03
CAPC_183,EE_4790,olanzapine,OLANZAPINE GLENMARK,N05AH03
CAPC_183,EE_4791,olanzapine,OLANZAPINE GLENMARK,N05AH03
CAPC_183,EE_4792,olanzapine,OLANZAPINE GLENMARK EUROPE,N05AH03
CAPC_183,EE_4793,olanzapine,OLANZAPINE GLENMARK EUROPE,N05AH03
CAPC_183,EE_4794,olanzapine,OLANZAPINE GLENMARK EUROPE,N05AH03
CAPC_183,EE_4795,olanzapine,OLANZAPINE GLENMARK EUROPE,N05AH03
CAPC_183,EE_4796,olanzapine,OLANZAPINE TEVA,N05AH03
CAPC_183,EE_4797,olanzapine,OLANZAPINE TEVA,N05AH03
CAPC_183,EE_4798,olanzapine,OLANZAPINE TEVA,N05AH03
CAPC_183,EE_4799,olanzapine,OLANZAPINE TEVA,N05AH03
CAPC_183,EE_4800,olanzapine,OLANZAPINE TEVA,N05AH03
CAPC_183,EE_4801,olanzapine,OLANZAPINE TEVA,N05AH03
CAPC_183,EE_4802,olanzapine,OLANZAPINE TEVA,N05AH03
CAPC_183,EE_4803,olanzapine,OLANZAPINE TEVA,N05AH03
CAPC_183,EE_4804,olanzapine,OLANZAPINE TEVA,N05AH03
CAPC_183,EE_4805,olanzapine,OLANZAPINE TEVA,N05AH03
CAPC_183,EE_4806,olanzapine,OLANZAPINE VIATRIS,N05AH03
CAPC_183,EE_4807,olanzapine,OLANZAPINE VIATRIS,N05AH03
CAPC_183,EE_4808,olanzapine,OLANZAPINE VIATRIS,N05AH03
CAPC_183,EE_4809,olanzapine,OLANZAPINE VIATRIS,N05AH03
CAPC_183,EE_4810,olanzapine,OLANZAPINE VIATRIS,N05AH03
CAPC_183,EE_4811,olanzapine,OLANZAPINE VIATRIS,N05AH03
CAPC_183,EE_4812,olanzapine,OLAZAX,N05AH03
CAPC_183,EE_4813,olanzapine,OLAZAX,N05AH03
CAPC_183,EE_4814,olanzapine,OLAZAX,N05AH03
CAPC_183,EE_4815,olanzapine,OLAZAX,N05AH03
CAPC_183,EE_4816,olanzapine,OLAZAX,N05AH03
CAPC_183,EE_4817,olanzapine,OLAZAX DISPERZI,N05AH03
CAPC_183,EE_4818,olanzapine,OLAZAX DISPERZI,N05AH03
CAPC_183,EE_4819,olanzapine,OLAZAX DISPERZI,N05AH03
CAPC_183,EE_4820,olanzapine,OLAZAX DISPERZI,N05AH03
CAPC_70,EE_4823,diclofenac,OLFEN,M02AA15
CAPC_70,EE_4824,diclofenac,OLFEN,M02AA15
CAPC_70,EE_4825,diclofenac,OLFEN,M02AA15
CAPC_70,EE_4826,diclofenac,OLFEN DEPOCAPS,M01AB05
CAPC_70,EE_4827,diclofenac,OLFEN DEPOTABS,M01AB05
CAPC_236,EE_4890,sildenafil,OLVION,G04BE03
CAPC_184,EE_4895,omeprazole,OMEP 20MG,A02BC01
CAPC_184,EE_4896,omeprazole,OMEP 40MG,A02BC01
CAPC_184,EE_4897,omeprazole,OMEP 40MG,A02BC01
CAPC_184,EE_4898,omeprazole,OMEP UNO,A02BC01
CAPC_184,EE_4899,omeprazole,OMEPRAZOLE OLPHA,A02BC01
CAPC_184,EE_4900,omeprazole,OMEPRAZOLE STADA 10 MG,A02BC01
CAPC_184,EE_4901,omeprazole,OMEPRAZOLE STADA 20 MG,A02BC01
CAPC_184,EE_4902,omeprazole,OMEPRAZOLE STADA 40 MG,A02BC01
CAPC_184,EE_4903,omeprazole,OMEPRAZOLE ZENTIVA,A02BC01
CAPC_184,EE_4904,omeprazole,OMEPRAZOLE-RATIOPHARM,A02BC01
CAPC_246,EE_4919,tamsulosin,OMSAL,G04CA02
CAPC_125,EE_4925,indacaterol,ONBREZ BREEZHALER,R03AC18
CAPC_125,EE_4926,indacaterol,ONBREZ BREEZHALER,R03AC18
CAPC_185,EE_4928,ondansetron,ONDANSETRON ACCORD 2MG/ML,A04AA01
CAPC_185,EE_4929,ondansetron,ONDANSETRON BAXTER,A04AA01
CAPC_185,EE_4930,ondansetron,ONDANSETRON KABI,A04AA01
CAPC_185,EE_4931,ondansetron,ONDANSETRON KABI,A04AA01
CAPC_185,EE_4932,ondansetron,ONDANSETRON KALCEKS,A04AA01
CAPC_77,EE_4934,duloxetine,ONELAR,N06AX21
CAPC_77,EE_4935,duloxetine,ONELAR,N06AX21
CAPC_127,EE_4940,irinotecan,ONIVYDE PEGYLATED LIPOSOMAL,L01CE02
CAPC_230,EE_4979,ruxolitinib,OPZELURA,D11AH09
CAPC_256,EE_4985,ticagrelor,OREBRITON,B01AC24
CAPC_256,EE_4986,ticagrelor,OREBRITON,B01AC24
CAPC_271,EE_4997,valproic acid / divalproex,ORFIRIL,N03AG01
CAPC_271,EE_4998,valproic acid / divalproex,ORFIRIL 150,N03AG01
CAPC_271,EE_4999,valproic acid / divalproex,ORFIRIL 300,N03AG01
CAPC_271,EE_5000,valproic acid / divalproex,ORFIRIL 600,N03AG01
CAPC_271,EE_5001,valproic acid / divalproex,ORFIRIL LONG 150 MG,N03AG01
CAPC_271,EE_5002,valproic acid / divalproex,ORFIRIL LONG 300 MG,N03AG01
CAPC_271,EE_5003,valproic acid / divalproex,ORFIRIL LONG 500 MG,N03AG01
CAPC_271,EE_5004,valproic acid / divalproex,ORFIRIL SAFT,N03AG01
CAPC_70,EE_5021,diclofenac,ORTOFEN,M02AA15
CAPC_125,EE_5022,indacaterol,OSLIF BREEZHALER,R03AC18
CAPC_125,EE_5023,indacaterol,OSLIF BREEZHALER,R03AC18
CAPC_206,EE_5035,posaconazole,OSSMIQ,J02AC04
CAPC_204,EE_5036,pitolisant,OZAWADE,N07XX11
CAPC_204,EE_5037,pitolisant,OZAWADE,N07XX11
CAPC_16,EE_5043,apremilast,OTEZLA,L04AA32
CAPC_16,EE_5044,apremilast,OTEZLA,L04AA32
CAPC_16,EE_5045,apremilast,OTEZLA,L04AA32
CAPC_16,EE_5046,apremilast,OTEZLA,L04AA32
CAPC_189,EE_5071,oxycodone,OXYCODONE KALCEKS,N02AA05
CAPC_189,EE_5072,oxycodone,OXYCODONE KALCEKS,N02AA05
CAPC_189,EE_5073,oxycodone,OXYCODONE KALCEKS,N02AA05
CAPC_189,EE_5074,oxycodone,OXYCODONE VITABALANS,N02AA05
CAPC_189,EE_5075,oxycodone,OXYCODONE VITABALANS,N02AA05
CAPC_189,EE_5076,oxycodone,OXYCONTIN 10 MG,N02AA05
CAPC_189,EE_5077,oxycodone,OXYCONTIN 20 MG,N02AA05
CAPC_189,EE_5078,oxycodone,OXYCONTIN 40 MG,N02AA05
CAPC_189,EE_5079,oxycodone,OXYCONTIN 80 MG,N02AA05
CAPC_190,EE_5101,palonosetron,PALONOSETRON ACCORD,A04AA05
CAPC_190,EE_5102,palonosetron,PALONOSETRON KALCEKS,A04AA05
CAPC_192,EE_5115,pantoprazole,PANZILAN,A02BC02
CAPC_192,EE_5118,pantoprazole,PANTOPRAZOL - RATIOPHARM 20 MG,A02BC02
CAPC_192,EE_5119,pantoprazole,PANTOPRAZOLE ACTAVIS,A02BC02
CAPC_192,EE_5120,pantoprazole,PANTOPRAZOLE ACTAVIS,A02BC02
CAPC_192,EE_5121,pantoprazole,PANTOPRAZOLE INPHARMATIS,A02BC02
CAPC_192,EE_5122,pantoprazole,PANTOPRAZOLE NORAMEDA,A02BC02
CAPC_192,EE_5123,pantoprazole,PANTOPRAZOLE-MEPHA,A02BC02
CAPC_192,EE_5124,pantoprazole,PANTOPRAZOLE-MEPHA,A02BC02
CAPC_192,EE_5125,pantoprazole,PANTOZOL CONTROL,A02BC02
CAPC_193,EE_5150,paroxetine,PAROXETIN ACTAVIS 20 MG,N06AB05
CAPC_193,EE_5151,paroxetine,PAROXETIN HEXAL 20 MG,N06AB05
CAPC_193,EE_5152,paroxetine,PAROXETIN HEXAL 40 MG,N06AB05
CAPC_193,EE_5153,paroxetine,PAROXETINE ACCORD,N06AB05
CAPC_193,EE_5154,paroxetine,PAROXETINE TEVA,N06AB05
CAPC_194,EE_5157,pazopanib,PAZOPANIB ACCORD,L01EX03
CAPC_194,EE_5158,pazopanib,PAZOPANIB ACCORD,L01EX03
CAPC_194,EE_5159,pazopanib,PAZOPANIB AUXILIA,L01EX03
CAPC_194,EE_5160,pazopanib,PAZOPANIB ZENTIVA,L01EX03
CAPC_194,EE_5161,pazopanib,PAZOPANIB ZENTIVA,L01EX03
CAPC_194,EE_5162,pazopanib,PAZOPANIB TEVA,L01EX03
CAPC_194,EE_5163,pazopanib,PAZOPANIB TEVA,L01EX03
CAPC_194,EE_5164,pazopanib,PAZOPANIB VIATRIS,L01EX03
CAPC_194,EE_5165,pazopanib,PAZOPANIB VIATRIS,L01EX03
CAPC_179,EE_5167,nirmatrelvir / ritonavir,PAXLOVID,J05AE30
CAPC_96,EE_5168,fentanyl,PECFENT,N02AB03
CAPC_96,EE_5169,fentanyl,PECFENT,N02AB03
CAPC_121,EE_5171,ibuprofen,PEDEA,C01EB16
CAPC_197,EE_5248,phenobarbital,PHENAEMAL,N03AA02
CAPC_199,EE_5249,phenytoin,PHENHYDAN,N03AB02
CAPC_199,EE_5250,phenytoin,PHENHYDAN INJEKTIONSLÖSUNG,N03AB02
CAPC_256,EE_5301,ticagrelor,PLATEGRA,B01AC24
CAPC_256,EE_5302,ticagrelor,PLATEGRA,B01AC24
CAPC_53,EE_5303,clopidogrel,PLAVIX,B01AC04
CAPC_53,EE_5304,clopidogrel,PLAVIX,B01AC04
CAPC_205,EE_5347,ponesimod,PONVORY,L04AE04
CAPC_205,EE_5348,ponesimod,PONVORY,L04AE04
CAPC_206,EE_5349,posaconazole,POSACONAZOLE ACCORD,J02AC04
CAPC_206,EE_5350,posaconazole,POSACONAZOLE AHCL,J02AC04
CAPC_206,EE_5351,posaconazole,POSACONAZOLE STADA,J02AC04
CAPC_206,EE_5352,posaconazole,POSACONAZOLE STADA,J02AC04
CAPC_206,EE_5353,posaconazole,POSACONAZOLE VIATRIS,J02AC04
CAPC_6,EE_5385,alirocumab,PRALUENT,C10AX14
CAPC_6,EE_5386,alirocumab,PRALUENT,C10AX14
CAPC_6,EE_5387,alirocumab,PRALUENT,C10AX14
CAPC_6,EE_5388,alirocumab,PRALUENT,C10AX14
CAPC_6,EE_5389,alirocumab,PRALUENT,C10AX14
CAPC_207,EE_5397,prasugrel,PRASUGREL ALEMBIC,B01AC22
CAPC_207,EE_5398,prasugrel,PRASUGREL ALEMBIC,B01AC22
CAPC_207,EE_5399,prasugrel,PRASUGREL VIATRIS,B01AC22
CAPC_207,EE_5400,prasugrel,PRASUGREL VIATRIS,B01AC22
CAPC_208,EE_5402,pravastatin,PRAVAHEXAL 20 MG,C10AA03
CAPC_208,EE_5403,pravastatin,PRAVAHEXAL 40 MG,C10AA03
CAPC_36,EE_5472,candesartan,PRESCANDEN 16MG,C09CA06
CAPC_36,EE_5473,candesartan,PRESCANDEN 32MG,C09CA06
CAPC_36,EE_5474,candesartan,PRESCANDEN 8MG,C09CA06
CAPC_60,EE_5489,darunavir,PREZISTA,J05AE10
CAPC_60,EE_5490,darunavir,PREZISTA,J05AE10
CAPC_60,EE_5491,darunavir,PREZISTA,J05AE10
CAPC_60,EE_5492,darunavir,PREZISTA,J05AE10
CAPC_60,EE_5493,darunavir,PREZISTA,J05AE10
CAPC_60,EE_5494,darunavir,PREZISTA,J05AE10
CAPC_60,EE_5495,darunavir,PREZISTA,J05AE10
CAPC_57,EE_5505,dapoxetine,PRILIGY,G04BX14
CAPC_57,EE_5506,dapoxetine,PRILIGY,G04BX14
CAPC_131,EE_5524,ivabradine,PROCORALAN,C01EB17
CAPC_131,EE_5525,ivabradine,PROCORALAN,C01EB17
CAPC_211,EE_5545,propafenone,PROPAFENONE ACCORD,C01BC03
CAPC_211,EE_5546,propafenone,PROPAFENONE ACCORD,C01BC03
CAPC_211,EE_5547,propafenone,PROPANORM,C01BC03
CAPC_211,EE_5548,propafenone,PROPANORM 150 MG,C01BC03
CAPC_212,EE_5550,propofol,PROPOFOL - LIPURO 20 MG/ML,N01AX10
CAPC_212,EE_5551,propofol,PROPOFOL-LIPURO 10 MG/ML,N01AX10
CAPC_212,EE_5552,propofol,PROPOVEN 1%,N01AX10
CAPC_212,EE_5553,propofol,PROPOVEN 1%,N01AX10
CAPC_212,EE_5554,propofol,PROPOVEN 2%,N01AX10
CAPC_212,EE_5555,propofol,PROPOVEN 2%,N01AX10
CAPC_213,EE_5556,propranolol,PROPRANOLOL ACCORD 40MG,C07AA05
CAPC_213,EE_5557,propranolol,PROPRA-RATIOPHARM 40 MG,C07AA05
CAPC_242,EE_5575,tacrolimus,PROTOPIC,D11AH01
CAPC_242,EE_5576,tacrolimus,PROTOPIC,D11AH01
CAPC_15,EE_5577,apixaban,PRUBDAQ,B01AF02
CAPC_15,EE_5578,apixaban,PRUBDAQ,B01AF02
CAPC_236,EE_5579,sildenafil,PULKAR,G04BE03
CAPC_155,EE_5587,mercaptopurine,PURI-NETHOL,L01BB02
CAPC_243,EE_5608,tadalafil,QUATOR,G04BE08
CAPC_243,EE_5609,tadalafil,QUATOR,G04BE08
CAPC_243,EE_5610,tadalafil,QUATOR,G04BE08
CAPC_215,EE_5611,quetiapine,QUETIAPINE ACCORD,N05AH04
CAPC_215,EE_5612,quetiapine,QUETIAPINE ACCORD,N05AH04
CAPC_215,EE_5613,quetiapine,QUETIAPINE ACCORD,N05AH04
CAPC_215,EE_5614,quetiapine,QUETIAPINE ACCORD,N05AH04
CAPC_215,EE_5615,quetiapine,QUETIAPINE ACCORD,N05AH04
CAPC_215,EE_5616,quetiapine,QUETIAPINE TEVA,N05AH04
CAPC_215,EE_5617,quetiapine,QUETIAPINE TEVA,N05AH04
CAPC_215,EE_5618,quetiapine,QUETIAPINE TEVA,N05AH04
CAPC_215,EE_5619,quetiapine,QUETIAPINE TEVA,N05AH04
CAPC_215,EE_5620,quetiapine,QUETIAPINE TEVA,N05AH04
CAPC_215,EE_5621,quetiapine,QUETIAPINE TEVA,N05AH04
CAPC_215,EE_5622,quetiapine,QUETIAPINE TEVA,N05AH04
CAPC_217,EE_5629,rabeprazole,RABEPRAZOLE ACTAVIS,A02BC04
CAPC_217,EE_5630,rabeprazole,RABEPRAZOLE ACTAVIS,A02BC04
CAPC_217,EE_5631,rabeprazole,RABEPRAZOLE DOC GENERICI,A02BC04
CAPC_217,EE_5632,rabeprazole,RABEPRAZOLE DOC GENERICI,A02BC04
CAPC_220,EE_5633,rasagiline,RALAGO,N04BD02
CAPC_219,EE_5634,ranolazine,RALIK,C01EB18
CAPC_219,EE_5635,ranolazine,RALIK,C01EB18
CAPC_219,EE_5636,ranolazine,RALIK,C01EB18
CAPC_218,EE_5638,raltegravir,RALTEGRAVIR ZENTIVA,J05AJ01
CAPC_219,EE_5652,ranolazine,RANEXA,C01EB18
CAPC_219,EE_5653,ranolazine,RANEXA,C01EB18
CAPC_219,EE_5654,ranolazine,RANEXA,C01EB18
CAPC_219,EE_5656,ranolazine,RANOLAZINE ACCORD,C01EB18
CAPC_219,EE_5657,ranolazine,RANOLAZINE ACCORD,C01EB18
CAPC_219,EE_5658,ranolazine,RANOLAZINE ACCORD,C01EB18
CAPC_219,EE_5659,ranolazine,RANOLAZINE ELC,C01EB18
CAPC_219,EE_5660,ranolazine,RANOLAZINE ELC,C01EB18
CAPC_219,EE_5661,ranolazine,RANOLAZINE ELC,C01EB18
CAPC_219,EE_5662,ranolazine,RANOLAZINE STADA,C01EB18
CAPC_219,EE_5663,ranolazine,RANOLAZINE STADA,C01EB18
CAPC_219,EE_5664,ranolazine,RANOLAZINE STADA,C01EB18
CAPC_239,EE_5665,sirolimus,RAPAMUNE,L04AH01
CAPC_239,EE_5666,sirolimus,RAPAMUNE,L04AH01
CAPC_239,EE_5667,sirolimus,RAPAMUNE,L04AH01
CAPC_239,EE_5668,sirolimus,RAPAMUNE,L04AH01
CAPC_220,EE_5672,rasagiline,RASAGILINE RATIOPHARM,N04BD02
CAPC_220,EE_5673,rasagiline,RASAGILINE VIATRIS,N04BD02
CAPC_226,EE_5676,rivaroxaban,RAZARXO,B01AF01
CAPC_226,EE_5677,rivaroxaban,RAZARXO,B01AF01
CAPC_226,EE_5678,rivaroxaban,RAZARXO,B01AF01
CAPC_226,EE_5679,rivaroxaban,RAZARXO,B01AF01
CAPC_40,EE_5688,cariprazine,REAGILA,N05AX15
CAPC_40,EE_5689,cariprazine,REAGILA,N05AX15
CAPC_40,EE_5690,cariprazine,REAGILA,N05AX15
CAPC_40,EE_5691,cariprazine,REAGILA,N05AX15
CAPC_154,EE_5704,meloxicam,RECOXA,M01AC06
CAPC_154,EE_5705,meloxicam,RECOXA 10 MG/ML,M01AC06
CAPC_169,EE_5735,nabumetone,RELIFEX,M01AX01
CAPC_169,EE_5736,nabumetone,RELIFEX,M01AX01
CAPC_92,EE_5774,evolocumab,REPATHA,C10AX13
CAPC_92,EE_5775,evolocumab,REPATHA,C10AX13
CAPC_92,EE_5776,evolocumab,REPATHA,C10AX13
CAPC_236,EE_5807,sildenafil,REVATIO,G04BE03
CAPC_236,EE_5808,sildenafil,REVATIO,G04BE03
CAPC_236,EE_5809,sildenafil,REVATIO,G04BE03
CAPC_82,EE_5821,eltrombopag,REVOLADE,B02BX05
CAPC_82,EE_5822,eltrombopag,REVOLADE,B02BX05
CAPC_82,EE_5823,eltrombopag,REVOLADE,B02BX05
CAPC_82,EE_5824,eltrombopag,REVOLADE,B02BX05
CAPC_82,EE_5825,eltrombopag,REVOLADE,B02BX05
CAPC_20,EE_5826,atazanavir,REYATAZ,J05AE08
CAPC_20,EE_5827,atazanavir,REYATAZ,J05AE08
CAPC_20,EE_5828,atazanavir,REYATAZ,J05AE08
CAPC_20,EE_5829,atazanavir,REYATAZ,J05AE08
CAPC_20,EE_5830,atazanavir,REYATAZ,J05AE08
CAPC_269,EE_5843,upadacitinib,RINVOQ,L04AF03
CAPC_269,EE_5844,upadacitinib,RINVOQ,L04AF03
CAPC_269,EE_5845,upadacitinib,RINVOQ,L04AF03
CAPC_225,EE_5846,risperidone,RISPERIDON ACTAVIS 2MG,N05AX08
CAPC_225,EE_5847,risperidone,RISPERIDON ACTAVIS 4MG,N05AX08
CAPC_225,EE_5848,risperidone,RISPERIDONE GRINDEKS,N05AX08
CAPC_225,EE_5849,risperidone,RISPERIDONE GRINDEKS,N05AX08
CAPC_225,EE_5850,risperidone,RISPERIDONE GRINDEKS,N05AX08
CAPC_225,EE_5851,risperidone,RISPERIDONE GRINDEKS,N05AX08
CAPC_225,EE_5852,risperidone,RISPERIDONE GRINDEKS,N05AX08
CAPC_225,EE_5853,risperidone,RISPERIDONE GRINDEKS,N05AX08
CAPC_225,EE_5854,risperidone,RISPOLEPT,N05AX08
CAPC_225,EE_5855,risperidone,RISPOLEPT 1 mg,N05AX08
CAPC_225,EE_5856,risperidone,RISPOLEPT 2 mg,N05AX08
CAPC_225,EE_5857,risperidone,RISPOLEPT 3 mg,N05AX08
CAPC_225,EE_5858,risperidone,RISPOLEPT 4 mg,N05AX08
CAPC_225,EE_5859,risperidone,RISPOLEPT CONSTA 25MG,N05AX08
CAPC_225,EE_5860,risperidone,"RISPOLEPT CONSTA 37,5MG",N05AX08
CAPC_225,EE_5861,risperidone,RISPOLEPT CONSTA 50MG,N05AX08
CAPC_226,EE_5870,rivaroxaban,RIVAROXABAN ACCORD,B01AF01
CAPC_226,EE_5871,rivaroxaban,RIVAROXABAN ACCORD,B01AF01
CAPC_226,EE_5872,rivaroxaban,RIVAROXABAN ACCORD,B01AF01
CAPC_226,EE_5873,rivaroxaban,RIVAROXABAN ACCORD,B01AF01
CAPC_226,EE_5874,rivaroxaban,RIVAROXABAN ACCORD,B01AF01
CAPC_226,EE_5875,rivaroxaban,RIVAROXABAN ALEMBIC,B01AF01
CAPC_226,EE_5876,rivaroxaban,RIVAROXABAN ALEMBIC,B01AF01
CAPC_226,EE_5877,rivaroxaban,RIVAROXABAN ALEMBIC,B01AF01
CAPC_226,EE_5878,rivaroxaban,RIVAROXABAN ALEMBIC,B01AF01
CAPC_226,EE_5879,rivaroxaban,RIVAROXABAN AUXILIA,B01AF01
CAPC_226,EE_5880,rivaroxaban,RIVAROXABAN AUXILIA,B01AF01
CAPC_226,EE_5881,rivaroxaban,RIVAROXABAN AUXILIA,B01AF01
CAPC_226,EE_5882,rivaroxaban,RIVAROXABAN AUXILIA,B01AF01
CAPC_226,EE_5883,rivaroxaban,RIVAROXABAN G.L. PHARMA,B01AF01
CAPC_226,EE_5884,rivaroxaban,RIVAROXABAN G.L. PHARMA,B01AF01
CAPC_226,EE_5885,rivaroxaban,RIVAROXABAN G.L. PHARMA,B01AF01
CAPC_226,EE_5886,rivaroxaban,RIVAROXABAN ORION,B01AF01
CAPC_226,EE_5887,rivaroxaban,RIVAROXABAN ORION,B01AF01
CAPC_226,EE_5888,rivaroxaban,RIVAROXABAN STADA,B01AF01
CAPC_226,EE_5889,rivaroxaban,RIVAROXABAN STADA,B01AF01
CAPC_226,EE_5890,rivaroxaban,RIVAROXABAN STADA,B01AF01
CAPC_226,EE_5891,rivaroxaban,RIVAROXABAN STADA,B01AF01
CAPC_226,EE_5892,rivaroxaban,RIVAROXABAN STADA,B01AF01
CAPC_226,EE_5893,rivaroxaban,RIVAROXABAN STADA,B01AF01
CAPC_226,EE_5894,rivaroxaban,RIVAROXABAN STADA,B01AF01
CAPC_226,EE_5895,rivaroxaban,RIVAROXABAN STADA,B01AF01
CAPC_226,EE_5896,rivaroxaban,RIVAROXABAN TEVA,B01AF01
CAPC_226,EE_5897,rivaroxaban,RIVAROXABAN TEVA,B01AF01
CAPC_226,EE_5898,rivaroxaban,RIVAROXABAN TEVA,B01AF01
CAPC_226,EE_5899,rivaroxaban,RIVAROXABAN UMEDICA,B01AF01
CAPC_226,EE_5900,rivaroxaban,RIVAROXABAN UMEDICA,B01AF01
CAPC_226,EE_5901,rivaroxaban,RIVAROXABAN UMEDICA,B01AF01
CAPC_226,EE_5902,rivaroxaban,RIVAROXABAN UMEDICA,B01AF01
CAPC_226,EE_5903,rivaroxaban,RIVAROXABAN VIATRIS,B01AF01
CAPC_226,EE_5904,rivaroxaban,RIVAROXABAN VIATRIS,B01AF01
CAPC_226,EE_5905,rivaroxaban,RIVAROXABAN VIATRIS,B01AF01
CAPC_226,EE_5906,rivaroxaban,RIVAROXABAN VIATRIS,B01AF01
CAPC_226,EE_5907,rivaroxaban,RIVAROXABAN VIATRIS,B01AF01
CAPC_52,EE_5927,clonazepam,RIVOTRIL,N03AE01
CAPC_229,EE_5961,rosuvastatin / ezetimibe,ROSAZIMIB,C10BA06
CAPC_229,EE_5962,rosuvastatin / ezetimibe,ROSAZIMIB,C10BA06
CAPC_229,EE_5963,rosuvastatin / ezetimibe,ROSAZIMIB,C10BA06
CAPC_229,EE_5964,rosuvastatin / ezetimibe,ROSAZIMIB,C10BA06
CAPC_229,EE_5965,rosuvastatin / ezetimibe,ROSAZIMIB,C10BA06
CAPC_228,EE_5966,rosuvastatin,ROSUCARD 10MG,C10AA07
CAPC_228,EE_5967,rosuvastatin,ROSUCARD 20MG,C10AA07
CAPC_228,EE_5968,rosuvastatin,ROSUVASTATIN ACCORD,C10AA07
CAPC_228,EE_5969,rosuvastatin,ROSUVASTATIN ACCORD,C10AA07
CAPC_228,EE_5970,rosuvastatin,ROSUVASTATIN ACCORD,C10AA07
CAPC_228,EE_5971,rosuvastatin,ROSUVASTATIN ACCORD,C10AA07
CAPC_228,EE_5972,rosuvastatin,ROSUVASTATIN TAD 10 MG,C10AA07
CAPC_228,EE_5973,rosuvastatin,ROSUVASTATIN TAD 15 MG,C10AA07
CAPC_228,EE_5974,rosuvastatin,ROSUVASTATIN TAD 20 MG,C10AA07
CAPC_228,EE_5975,rosuvastatin,ROSUVASTATIN TAD 30 MG,C10AA07
CAPC_228,EE_5976,rosuvastatin,ROSUVASTATIN TAD 40 MG,C10AA07
CAPC_228,EE_5977,rosuvastatin,ROSUVASTATIN TAD 5 MG,C10AA07
CAPC_228,EE_5978,rosuvastatin,ROSUVASTATIN TEVA PHARMA,C10AA07
CAPC_228,EE_5979,rosuvastatin,ROSUVASTATIN TEVA PHARMA,C10AA07
CAPC_229,EE_5980,rosuvastatin / ezetimibe,ROSUVASTATIN/ EZETIMIBE TEVA,C10BA06
CAPC_229,EE_5981,rosuvastatin / ezetimibe,ROSUVASTATIN/ EZETIMIBE TEVA,C10BA06
CAPC_229,EE_5982,rosuvastatin / ezetimibe,ROSUVASTATIN/EZETIMIBE SANDOZ,C10BA06
CAPC_229,EE_5983,rosuvastatin / ezetimibe,ROSUVASTATIN/EZETIMIBE SANDOZ,C10BA06
CAPC_228,EE_5984,rosuvastatin,ROSWERA 10 MG,C10AA07
CAPC_228,EE_5985,rosuvastatin,ROSWERA 15 MG,C10AA07
CAPC_228,EE_5986,rosuvastatin,ROSWERA 20 MG,C10AA07
CAPC_228,EE_5987,rosuvastatin,ROSWERA 30 MG,C10AA07
CAPC_228,EE_5988,rosuvastatin,ROSWERA 40 MG,C10AA07
CAPC_228,EE_5989,rosuvastatin,ROSWERA 5 MG,C10AA07
CAPC_229,EE_5990,rosuvastatin / ezetimibe,ROZESTA,C10BA06
CAPC_229,EE_5991,rosuvastatin / ezetimibe,ROZESTA,C10BA06
CAPC_229,EE_5992,rosuvastatin / ezetimibe,ROZESTA,C10BA06
CAPC_228,EE_6006,rosuvastatin,ROVASYN,C10AA07
CAPC_228,EE_6007,rosuvastatin,ROVASYN,C10AA07
CAPC_229,EE_6008,rosuvastatin / ezetimibe,ROVASYN DUO,C10BA06
CAPC_229,EE_6009,rosuvastatin / ezetimibe,ROVASYN DUO,C10BA06
CAPC_229,EE_6010,rosuvastatin / ezetimibe,ROVASYN DUO,C10BA06
CAPC_229,EE_6011,rosuvastatin / ezetimibe,ROVASYN DUO,C10BA06
CAPC_228,EE_6018,rosuvastatin,ROXARDIO,C10AA07
CAPC_228,EE_6019,rosuvastatin,ROXARDIO,C10AA07
CAPC_226,EE_6030,rivaroxaban,RUNAPLAX,B01AF01
CAPC_226,EE_6031,rivaroxaban,RUNAPLAX,B01AF01
CAPC_226,EE_6032,rivaroxaban,RUNAPLAX,B01AF01
CAPC_226,EE_6033,rivaroxaban,RUNAPLAX,B01AF01
CAPC_29,EE_6039,brexpiprazole,RXULTI,N05AX16
CAPC_29,EE_6040,brexpiprazole,RXULTI,N05AX16
CAPC_29,EE_6041,brexpiprazole,RXULTI,N05AX16
CAPC_29,EE_6042,brexpiprazole,RXULTI,N05AX16
CAPC_29,EE_6043,brexpiprazole,RXULTI,N05AX16
CAPC_29,EE_6044,brexpiprazole,RXULTI,N05AX16
CAPC_211,EE_6059,propafenone,RYTMONORM,C01BC03
CAPC_211,EE_6060,propafenone,RYTMONORM,C01BC03
CAPC_220,EE_6062,rasagiline,SAGILIA,N04BD02
CAPC_232,EE_6066,salbutamol,SALBUTAMOL SANDOZ 100 MIKROGRAMMI/ANNUSES,R03AC02
CAPC_56,EE_6074,cyclosporine,SANDIMMUN NEORAL,L04AD01
CAPC_56,EE_6075,cyclosporine,SANDIMMUN NEORAL,L04AD01
CAPC_56,EE_6076,cyclosporine,SANDIMMUN NEORAL,L04AD01
CAPC_121,EE_6081,ibuprofen,SANIPROM EXPRESS,M01AE01
CAPC_144,EE_6096,losartan,SARTENS 100 MG,C09CA01
CAPC_144,EE_6097,losartan,SARTENS 50 MG,C09CA01
CAPC_186,EE_6123,ospemifene,SENSHIO,G03XC05
CAPC_234,EE_6134,sertindole,SERDOLECT,N05AE03
CAPC_234,EE_6135,sertindole,SERDOLECT,N05AE03
CAPC_234,EE_6136,sertindole,SERDOLECT,N05AE03
CAPC_234,EE_6137,sertindole,SERDOLECT,N05AE03
CAPC_233,EE_6143,salmeterol,SEREVENT,R03AC12
CAPC_233,EE_6144,salmeterol,SEREVENT DISKUS 50 MCG,R03AC12
CAPC_215,EE_6147,quetiapine,SEROQUEL,N05AH04
CAPC_215,EE_6148,quetiapine,SEROQUEL,N05AH04
CAPC_215,EE_6149,quetiapine,SEROQUEL XR,N05AH04
CAPC_215,EE_6150,quetiapine,SEROQUEL XR,N05AH04
CAPC_193,EE_6151,paroxetine,SEROXAT,N06AB05
CAPC_193,EE_6152,paroxetine,SEROXAT,N06AB05
CAPC_235,EE_6153,sertraline,SERTRALINE ACCORD,N06AB06
CAPC_235,EE_6154,sertraline,SERTRALINE ACCORD,N06AB06
CAPC_235,EE_6155,sertraline,SERTRALINE-TEVA 50 MG,N06AB06
CAPC_168,EE_6165,morphine,SEVREDOL,N02AA01
CAPC_168,EE_6166,morphine,SEVREDOL,N02AA01
CAPC_236,EE_6205,sildenafil,SILDENAFIL ACCORD 100 MG,G04BE03
CAPC_236,EE_6206,sildenafil,SILDENAFIL ACCORD 50 MG,G04BE03
CAPC_236,EE_6207,sildenafil,SILDENAFIL ACTAVIS,G04BE03
CAPC_236,EE_6208,sildenafil,SILDENAFIL ACTAVIS,G04BE03
CAPC_236,EE_6209,sildenafil,SILDENAFIL ACTAVIS,G04BE03
CAPC_236,EE_6210,sildenafil,SILDENAFIL CENTRALPHARMA COMMUNICATIONS,G04BE03
CAPC_236,EE_6211,sildenafil,SILDENAFIL CENTRALPHARMA COMMUNICATIONS,G04BE03
CAPC_236,EE_6212,sildenafil,SILDENAFIL G.L. PHARMA,G04BE03
CAPC_236,EE_6213,sildenafil,SILDENAFIL NOBEL,G04BE03
CAPC_236,EE_6214,sildenafil,SILDENAFIL NOBEL,G04BE03
CAPC_236,EE_6215,sildenafil,SILDENAFIL RATIOPHARM,G04BE03
CAPC_236,EE_6216,sildenafil,SILDENAFIL RATIOPHARM,G04BE03
CAPC_236,EE_6217,sildenafil,SILDENAFIL RATIOPHARM,G04BE03
CAPC_236,EE_6218,sildenafil,SILDENAFIL SANDOZ 100 MG,G04BE03
CAPC_236,EE_6219,sildenafil,SILDENAFIL SANDOZ 100 MG,G04BE03
CAPC_236,EE_6220,sildenafil,SILDENAFIL SANDOZ 50 MG,G04BE03
CAPC_236,EE_6221,sildenafil,SILDENAFIL STADA,G04BE03
CAPC_236,EE_6222,sildenafil,SILDENAFIL STADA,G04BE03
CAPC_236,EE_6223,sildenafil,SILDENAFIL STADA,G04BE03
CAPC_236,EE_6224,sildenafil,SILDENAFIL STADA,G04BE03
CAPC_236,EE_6225,sildenafil,SILDENAFIL TEVA,G04BE03
CAPC_236,EE_6226,sildenafil,SILDENAFIL TEVA,G04BE03
CAPC_236,EE_6227,sildenafil,SILDENAFIL TEVA,G04BE03
CAPC_236,EE_6228,sildenafil,SILDENAFIL TEVA PHARMA,G04BE03
CAPC_236,EE_6233,sildenafil,SILUNGO,G04BE03
CAPC_237,EE_6245,simvastatin,SIMVACOR,C10AA01
CAPC_237,EE_6246,simvastatin,SIMVACOR,C10AA01
CAPC_237,EE_6247,simvastatin,SIMVACOR,C10AA01
CAPC_237,EE_6248,simvastatin,SIMVASTATIN-RATIOPHARM,C10AA01
CAPC_237,EE_6249,simvastatin,SIMVASTATIN-RATIOPHARM,C10AA01
CAPC_258,EE_6264,tizanidine,SIRDALUD,M03BX02
CAPC_258,EE_6265,tizanidine,SIRDALUD,M03BX02
CAPC_258,EE_6266,tizanidine,SIRDALUD,M03BX02
CAPC_258,EE_6267,tizanidine,SIRDALUD,M03BX02
CAPC_258,EE_6268,tizanidine,SIRDALUD,M03BX02
CAPC_258,EE_6269,tizanidine,SIRDALUD,M03BX02
CAPC_258,EE_6270,tizanidine,SIRDALUD,M03BX02
CAPC_258,EE_6271,tizanidine,SIRDALUD,M03BX02
CAPC_31,EE_6312,buprenorphine,SIXMO,N07BC01
CAPC_240,EE_6369,solifenacin,SOLIFENACIN NOBEL,G04BD08
CAPC_240,EE_6370,solifenacin,SOLIFENACIN NOBEL,G04BD08
CAPC_240,EE_6371,solifenacin,SOLIFENACIN PMCS 10MG,G04BD08
CAPC_240,EE_6372,solifenacin,SOLIFENACIN PMCS 5MG,G04BD08
CAPC_192,EE_6386,pantoprazole,SOMAC CONTROL,A02BC02
CAPC_284,EE_6396,zopiclone,SOMNOLS,N05CF01
CAPC_22,EE_6408,atorvastatin,SORTIS,C10AA05
CAPC_22,EE_6409,atorvastatin,SORTIS,C10AA05
CAPC_22,EE_6410,atorvastatin,SORTIS,C10AA05
CAPC_22,EE_6411,atorvastatin,SORTIS,C10AA05
CAPC_22,EE_6412,atorvastatin,SORTIS,C10AA05
CAPC_22,EE_6413,atorvastatin,SORTIS,C10AA05
CAPC_22,EE_6414,atorvastatin,SORTIS,C10AA05
CAPC_22,EE_6415,atorvastatin,SORTIS,C10AA05
CAPC_22,EE_6416,atorvastatin,SORTIS,C10AA05
CAPC_22,EE_6417,atorvastatin,SORTIS,C10AA05
CAPC_22,EE_6418,atorvastatin,SORTIS,C10AA05
CAPC_22,EE_6419,atorvastatin,SORTIS,C10AA05
CAPC_22,EE_6420,atorvastatin,SORTIS,C10AA05
CAPC_22,EE_6421,atorvastatin,SORTIS,C10AA05
CAPC_22,EE_6422,atorvastatin,SORTIS 80 MG,C10AA05
CAPC_23,EE_6431,avanafil,SPEDRA,G04BE10
CAPC_23,EE_6432,avanafil,SPEDRA,G04BE10
CAPC_23,EE_6433,avanafil,SPEDRA,G04BE10
CAPC_222,EE_6504,regorafenib,STIVARGA,L01EX05
CAPC_78,EE_6505,efavirenz,STOCRIN,J05AG03
CAPC_78,EE_6506,efavirenz,STOCRIN,J05AG03
CAPC_78,EE_6507,efavirenz,STOCRIN,J05AG03
CAPC_78,EE_6508,efavirenz,STOCRIN,J05AG03
CAPC_108,EE_6515,flurbiprofen,STREPFEN MANUKA HONEY & EUCALYPTUS,R02AX01
CAPC_108,EE_6517,flurbiprofen,STREPSILS INTENSIVE,R02AX01
CAPC_108,EE_6518,flurbiprofen,STREPSILS INTENSIVE,R02AX01
CAPC_108,EE_6519,flurbiprofen,STREPSILS INTENSIVE HONEY & LEMON,R02AX01
CAPC_108,EE_6520,flurbiprofen,STREPSILS INTENSIVE ORANGE (SUHKRUVABA),R02AX01
CAPC_241,EE_6561,sunitinib,SUNITINIB ACCORD,L01EX01
CAPC_241,EE_6562,sunitinib,SUNITINIB ACCORD,L01EX01
CAPC_241,EE_6563,sunitinib,SUNITINIB ACCORD,L01EX01
CAPC_241,EE_6564,sunitinib,SUNITINIB ACCORD,L01EX01
CAPC_241,EE_6565,sunitinib,SUNITINIB SANDOZ,L01EX01
CAPC_241,EE_6566,sunitinib,SUNITINIB SANDOZ,L01EX01
CAPC_241,EE_6567,sunitinib,SUNITINIB SANDOZ,L01EX01
CAPC_241,EE_6568,sunitinib,SUNITINIB SANDOZ,L01EX01
CAPC_241,EE_6569,sunitinib,SUNITINIB STADA,L01EX01
CAPC_241,EE_6570,sunitinib,SUNITINIB STADA,L01EX01
CAPC_241,EE_6571,sunitinib,SUNITINIB STADA,L01EX01
CAPC_241,EE_6572,sunitinib,SUNITINIB STADA,L01EX01
CAPC_241,EE_6573,sunitinib,SUNITINIB ZENTIVA,L01EX01
CAPC_241,EE_6574,sunitinib,SUNITINIB ZENTIVA,L01EX01
CAPC_241,EE_6575,sunitinib,SUNITINIB TEVA,L01EX01
CAPC_241,EE_6576,sunitinib,SUNITINIB TEVA,L01EX01
CAPC_241,EE_6577,sunitinib,SUNITINIB VIATRIS,L01EX01
CAPC_241,EE_6578,sunitinib,SUNITINIB VIATRIS,L01EX01
CAPC_241,EE_6584,sunitinib,SUPHREX,L01EX01
CAPC_241,EE_6585,sunitinib,SUPHREX,L01EX01
CAPC_241,EE_6588,sunitinib,SUTENT,L01EX01
CAPC_241,EE_6589,sunitinib,SUTENT,L01EX01
CAPC_241,EE_6590,sunitinib,SUTENT,L01EX01
CAPC_241,EE_6591,sunitinib,SUTENT,L01EX01
CAPC_19,EE_6595,asenapine,SYCREST,N05AH05
CAPC_19,EE_6596,asenapine,SYCREST,N05AH05
CAPC_183,EE_6615,olanzapine,ZALASTA,N05AH03
CAPC_183,EE_6616,olanzapine,ZALASTA,N05AH03
CAPC_183,EE_6617,olanzapine,ZALASTA,N05AH03
CAPC_183,EE_6618,olanzapine,ZALASTA,N05AH03
CAPC_183,EE_6619,olanzapine,ZALASTA,N05AH03
CAPC_183,EE_6620,olanzapine,ZALASTA,N05AH03
CAPC_183,EE_6621,olanzapine,ZALASTA,N05AH03
CAPC_183,EE_6622,olanzapine,ZALASTA,N05AH03
CAPC_183,EE_6623,olanzapine,ZALASTA,N05AH03
CAPC_183,EE_6624,olanzapine,ZALASTA,N05AH03
CAPC_183,EE_6625,olanzapine,ZALASTA,N05AH03
CAPC_264,EE_6626,tramadol and acetaminophen,ZALDIAR,N02AJ13
CAPC_183,EE_6627,olanzapine,ZALEPIN,N05AH03
CAPC_183,EE_6628,olanzapine,ZALEPIN,N05AH03
CAPC_183,EE_6629,olanzapine,ZALEPIN,N05AH03
CAPC_183,EE_6630,olanzapine,ZALEPIN,N05AH03
CAPC_15,EE_6649,apixaban,ZELINARED,B01AF02
CAPC_15,EE_6650,apixaban,ZELINARED,B01AF02
CAPC_243,EE_6651,tadalafil,ZENAVIL,G04BE08
CAPC_243,EE_6652,tadalafil,ZENAVIL,G04BE08
CAPC_4,EE_6669,agomelatine,ZILBEA,N06AX22
CAPC_235,EE_6703,sertraline,ZOLOFT,N06AB06
CAPC_235,EE_6704,sertraline,ZOLOFT,N06AB06
CAPC_235,EE_6705,sertraline,ZOLOFT,N06AB06
CAPC_283,EE_6715,zonisamide,ZONEGRAN,N03AX15
CAPC_283,EE_6716,zonisamide,ZONEGRAN,N03AX15
CAPC_283,EE_6717,zonisamide,ZONEGRAN,N03AX15
CAPC_283,EE_6718,zonisamide,ZONISAMIDE MYLAN,N03AX15
CAPC_283,EE_6719,zonisamide,ZONISAMIDE MYLAN,N03AX15
CAPC_283,EE_6720,zonisamide,ZONISAMIDE MYLAN,N03AX15
CAPC_283,EE_6721,zonisamide,ZONISAMIDE SANDOZ,N03AX15
CAPC_283,EE_6722,zonisamide,ZONISAMIDE SANDOZ,N03AX15
CAPC_283,EE_6723,zonisamide,ZONISAMIDE SANDOZ,N03AX15
CAPC_284,EE_6725,zopiclone,ZOPICLONE BALTIJOS BITE,N05CF01
CAPC_284,EE_6726,zopiclone,ZOPICLONE BALTIJOS BITE,N05CF01
CAPC_284,EE_6727,zopiclone,ZOPICLONE BALTIJOS BITE,N05CF01
CAPC_284,EE_6728,zopiclone,"ZOPITIN 7,5MG",N05CF01
CAPC_217,EE_6741,rabeprazole,ZULBEX,A02BC04
CAPC_217,EE_6742,rabeprazole,ZULBEX,A02BC04
CAPC_18,EE_6749,aripiprazole,ZYKALOR,N05AX12
CAPC_18,EE_6750,aripiprazole,ZYKALOR,N05AX12
CAPC_18,EE_6751,aripiprazole,ZYKALOR,N05AX12
CAPC_18,EE_6752,aripiprazole,ZYKALOR,N05AX12
CAPC_18,EE_6753,aripiprazole,ZYKALOR,N05AX12
CAPC_53,EE_6754,clopidogrel,ZYLLT,B01AC04
CAPC_183,EE_6757,olanzapine,ZYPADHERA,N05AH03
CAPC_183,EE_6758,olanzapine,ZYPADHERA,N05AH03
CAPC_183,EE_6759,olanzapine,ZYPADHERA,N05AH03
CAPC_183,EE_6760,olanzapine,ZYPREXA,N05AH03
CAPC_183,EE_6761,olanzapine,ZYPREXA,N05AH03
CAPC_183,EE_6762,olanzapine,ZYPREXA,N05AH03
CAPC_183,EE_6763,olanzapine,ZYPREXA,N05AH03
CAPC_183,EE_6764,olanzapine,ZYPREXA,N05AH03
CAPC_183,EE_6765,olanzapine,ZYPREXA,N05AH03
CAPC_183,EE_6766,olanzapine,ZYPREXA,N05AH03
CAPC_183,EE_6767,olanzapine,ZYPREXA VELOTAB,N05AH03
CAPC_183,EE_6768,olanzapine,ZYPREXA VELOTAB,N05AH03
CAPC_183,EE_6769,olanzapine,ZYPREXA VELOTAB,N05AH03
CAPC_183,EE_6770,olanzapine,ZYPREXA VELOTAB,N05AH03
CAPC_242,EE_6784,tacrolimus,TACFORIUS,L04AD02
CAPC_242,EE_6785,tacrolimus,TACFORIUS,L04AD02
CAPC_242,EE_6786,tacrolimus,TACFORIUS,L04AD02
CAPC_242,EE_6787,tacrolimus,TACFORIUS,L04AD02
CAPC_243,EE_6789,tadalafil,TADALAFIL ACCORD,G04BE08
CAPC_243,EE_6790,tadalafil,TADALAFIL ACTAVIS,G04BE08
CAPC_243,EE_6791,tadalafil,TADALAFIL ACTAVIS,G04BE08
CAPC_243,EE_6792,tadalafil,TADALAFIL LILLY,G04BE08
CAPC_243,EE_6793,tadalafil,TADALAFIL LILLY,G04BE08
CAPC_243,EE_6794,tadalafil,TADALAFIL LILLY,G04BE08
CAPC_243,EE_6795,tadalafil,TADALAFIL LILLY,G04BE08
CAPC_243,EE_6796,tadalafil,TADALAFIL MYLAN,G04BE08
CAPC_243,EE_6797,tadalafil,TADALAFIL MYLAN,G04BE08
CAPC_243,EE_6798,tadalafil,TADALAFIL MYLAN,G04BE08
CAPC_243,EE_6799,tadalafil,TADALAFIL MYLAN,G04BE08
CAPC_243,EE_6800,tadalafil,TADALAFIL STADA,G04BE08
CAPC_243,EE_6801,tadalafil,TADALAFIL ZENTIVA,G04BE08
CAPC_243,EE_6802,tadalafil,TADALAFIL ZENTIVA,G04BE08
CAPC_243,EE_6803,tadalafil,TADILECTO,G04BE08
CAPC_243,EE_6804,tadalafil,TADILECTO,G04BE08
CAPC_243,EE_6805,tadalafil,TADILECTO,G04BE08
CAPC_243,EE_6806,tadalafil,TADILECTO,G04BE08
CAPC_243,EE_6807,tadalafil,TADILECTO,G04BE08
CAPC_243,EE_6808,tadalafil,TADILECTO,G04BE08
CAPC_243,EE_6809,tadalafil,TADILECTO,G04BE08
CAPC_243,EE_6820,tadalafil,TALMANCO,G04BE08
CAPC_240,EE_6832,solifenacin,TAMISTEN,G04BD08
CAPC_240,EE_6833,solifenacin,TAMISTEN,G04BD08
CAPC_245,EE_6834,tamoxifen,"TAMOXIFEN EBEWE""""",L02BA01
CAPC_246,EE_6835,tamsulosin,TAMSULOSIN AUXILIA,G04CA02
CAPC_246,EE_6836,tamsulosin,TAMSULOSIN LANNACHER,G04CA02
CAPC_246,EE_6840,tamsulosin,TANYZ,G04CA02
CAPC_246,EE_6841,tamsulosin,TANYZ ERAS 0.4MG,G04CA02
CAPC_85,EE_6847,erlotinib,TARCEVA,L01EB02
CAPC_85,EE_6848,erlotinib,TARCEVA,L01EB02
CAPC_85,EE_6849,erlotinib,TARCEVA,L01EB02
CAPC_177,EE_6859,nilotinib,TASIGNA,L01EA03
CAPC_177,EE_6860,nilotinib,TASIGNA,L01EA03
CAPC_177,EE_6861,nilotinib,TASIGNA,L01EA03
CAPC_39,EE_6887,carbamazepine,TEGRETOL CR,N03AF01
CAPC_111,EE_6913,fosamprenavir,TELZIR,J05AE07
CAPC_111,EE_6914,fosamprenavir,TELZIR,J05AE07
CAPC_142,EE_6915,lorazepam,TEMELOR,N05BA06
CAPC_66,EE_6953,dextroamphetamine,TENTIN,N06BA02
CAPC_66,EE_6954,dextroamphetamine,TENTIN,N06BA02
CAPC_66,EE_6955,dextroamphetamine,TENTIN,N06BA02
CAPC_251,EE_6967,terbinafine,TERBINAFIN ACTAVIS,D01BA02
CAPC_251,EE_6968,terbinafine,TERBINAFIN ACTAVIS,D01BA02
CAPC_251,EE_6969,terbinafine,TERBINAFINE OLAINFARM 250MG,D01BA02
CAPC_251,EE_6970,terbinafine,TERBINAFINE SANDOZ 250 MG,D01BA02
CAPC_251,EE_6971,terbinafine,TERBINAFINE SANDOZ 250 MG,D01BA02
CAPC_251,EE_6972,terbinafine,TERBINAFINE SANDOZ 250 MG,D01BA02
CAPC_251,EE_6973,terbinafine,TERBINAFIN-RATIOPHARM,D01AE15
CAPC_251,EE_6974,terbinafine,TERBITAL,D01AE15
CAPC_219,EE_6994,ranolazine,TEZULIX,C01EB18
CAPC_219,EE_6995,ranolazine,TEZULIX,C01EB18
CAPC_219,EE_6996,ranolazine,TEZULIX,C01EB18
CAPC_252,EE_6997,tetrabenazine,TETMODIS,N07XX06
CAPC_256,EE_7029,ticagrelor,TICAGRELOR ACCORD,B01AC24
CAPC_256,EE_7030,ticagrelor,TICAGRELOR ACCORD,B01AC24
CAPC_256,EE_7031,ticagrelor,TICAGRELOR ADALVO,B01AC24
CAPC_256,EE_7032,ticagrelor,TICAGRELOR ADALVO,B01AC24
CAPC_256,EE_7033,ticagrelor,TICAGRELOR ARISTO,B01AC24
CAPC_256,EE_7034,ticagrelor,TICAGRELOR ARISTO,B01AC24
CAPC_256,EE_7035,ticagrelor,TICAGRELOR ELVIM,B01AC24
CAPC_256,EE_7036,ticagrelor,TICAGRELOR FARMAK,B01AC24
CAPC_256,EE_7037,ticagrelor,TICAGRELOR FARMAPROJECTS,B01AC24
CAPC_256,EE_7038,ticagrelor,TICAGRELOR FARMAPROJECTS,B01AC24
CAPC_256,EE_7039,ticagrelor,TICAGRELOR OLPHA,B01AC24
CAPC_256,EE_7040,ticagrelor,TICAGRELOR OLPHA,B01AC24
CAPC_256,EE_7041,ticagrelor,TICAGRELOR PHARMASCIENCE,B01AC24
CAPC_256,EE_7042,ticagrelor,TICAGRELOR PHARMASCIENCE,B01AC24
CAPC_256,EE_7043,ticagrelor,TICAGRELOR PHARMAZAC,B01AC24
CAPC_256,EE_7044,ticagrelor,TICAGRELOR PHARMAZAC,B01AC24
CAPC_256,EE_7045,ticagrelor,TICAGRELOR ZENTIVA,B01AC24
CAPC_256,EE_7046,ticagrelor,TICAGRELOR ZENTIVA,B01AC24
CAPC_256,EE_7047,ticagrelor,TICAGRELOR TEVA,B01AC24
CAPC_256,EE_7048,ticagrelor,TICAGRELOR VIATRIS,B01AC24
CAPC_256,EE_7054,ticagrelor,TILOBRASTIL,B01AC24
CAPC_256,EE_7055,ticagrelor,TILOBRASTIL,B01AC24
CAPC_39,EE_7056,carbamazepine,TIMONIL 150 RETARD,N03AF01
CAPC_39,EE_7057,carbamazepine,TIMONIL 300 RETARD,N03AF01
CAPC_39,EE_7058,carbamazepine,TIMONIL 600 RETARD,N03AF01
CAPC_257,EE_7059,timolol,TIMOSAN,S01ED01
CAPC_72,EE_7062,dolutegravir,TIVICAY,J05AJ03
CAPC_72,EE_7063,dolutegravir,TIVICAY,J05AJ03
CAPC_72,EE_7064,dolutegravir,TIVICAY,J05AJ03
CAPC_72,EE_7065,dolutegravir,TIVICAY,J05AJ03
CAPC_249,EE_7126,temsirolimus,TORISEL,L01EG01
CAPC_97,EE_7140,fesoterodine,TOVIAZ,G04BD11
CAPC_97,EE_7141,fesoterodine,TOVIAZ,G04BD11
CAPC_133,EE_7162,labetalol,TRANDATE,C07AG01
CAPC_133,EE_7163,labetalol,TRANDATE INJECTION,C07AG01
CAPC_265,EE_7167,trazodone,TRARETT,N06AX05
CAPC_265,EE_7168,trazodone,TRARETT,N06AX05
CAPC_157,EE_7211,methotrexate,TREXAN,L04AX03
CAPC_157,EE_7212,methotrexate,TREXAN,L04AX03
CAPC_157,EE_7213,methotrexate,TREXAN,L04AX03
CAPC_231,EE_7244,sacituzumab govitecan,TRODELVY,L01FX17
CAPC_53,EE_7245,clopidogrel,TROMBEX 75 MG,B01AC04
CAPC_22,EE_7266,atorvastatin,TULIP 10 MG,C10AA05
CAPC_22,EE_7267,atorvastatin,TULIP 20 MG,C10AA05
CAPC_22,EE_7268,atorvastatin,TULIP 40 MG,C10AA05
CAPC_22,EE_7269,atorvastatin,TULIP 80 MG,C10AA05
CAPC_184,EE_7295,omeprazole,ULTOP,A02BC01
CAPC_261,EE_7324,tolterodine,UROFLOW 2 MG,G04BD07
CAPC_261,EE_7325,tolterodine,UROFLOW 2 MG,G04BD07
CAPC_261,EE_7326,tolterodine,UROFLOW 4MG,G04BD07
CAPC_261,EE_7327,tolterodine,UROFLOW 4MG,G04BD07
CAPC_204,EE_7350,pitolisant,WAKIX,N07XX11
CAPC_204,EE_7351,pitolisant,WAKIX,N07XX11
CAPC_4,EE_7359,agomelatine,VALDOXAN,N06AX22
CAPC_69,EE_7362,diazepam,VALOCORDIN DIAZEPAM,N05BA01
CAPC_271,EE_7364,valproic acid / divalproex,VALPROATE SODIUM SANDOZ 500MG,N03AG01
CAPC_272,EE_7370,valsartan,VALSACOR,C09CA03
CAPC_272,EE_7371,valsartan,VALSACOR,C09CA03
CAPC_272,EE_7372,valsartan,VALSACOR,C09CA03
CAPC_272,EE_7373,valsartan,VALSACOR,C09CA03
CAPC_272,EE_7374,valsartan,VALSARTAN KRKA,C09CA03
CAPC_272,EE_7375,valsartan,VALSARTAN KRKA,C09CA03
CAPC_272,EE_7376,valsartan,VALSARTAN KRKA,C09CA03
CAPC_272,EE_7377,valsartan,VALSARTAN KRKA,C09CA03
CAPC_273,EE_7409,vardenafil,VARDENAFIL SANDOZ,G04BE09
CAPC_273,EE_7410,vardenafil,VARDENAFIL SANDOZ,G04BE09
CAPC_273,EE_7411,vardenafil,VARDENAFIL SANOSWISS,G04BE09
CAPC_273,EE_7412,vardenafil,VARDENAFIL SANOSWISS,G04BE09
CAPC_273,EE_7413,vardenafil,VARDENAFIL SANOSWISS,G04BE09
CAPC_280,EE_7414,vortioxetine,VARESTA,N06AX26
CAPC_280,EE_7415,vortioxetine,VARESTA,N06AX26
CAPC_280,EE_7416,vortioxetine,VARESTA,N06AX26
CAPC_280,EE_7417,vortioxetine,VARESTA,N06AX26
CAPC_237,EE_7423,simvastatin,VASILIP,C10AA01
CAPC_237,EE_7424,simvastatin,VASILIP,C10AA01
CAPC_237,EE_7425,simvastatin,VASILIP,C10AA01
CAPC_279,EE_7439,voriconazole,VEDIDA,J02AC03
CAPC_223,EE_7452,remdesivir,VEKLURY,J05AB16
CAPC_90,EE_7462,etrasimod,VELSIPITY,L04AE05
CAPC_168,EE_7471,morphine,VENDAL RETARD 10 MG,N02AA01
CAPC_168,EE_7472,morphine,VENDAL RETARD 100 MG,N02AA01
CAPC_168,EE_7473,morphine,VENDAL RETARD 200 MG,N02AA01
CAPC_168,EE_7474,morphine,VENDAL RETARD 30 MG,N02AA01
CAPC_168,EE_7475,morphine,VENDAL RETARD 60 MG,N02AA01
CAPC_274,EE_7476,venlafaxine,VENLAFAXIN MEDOCHEMIE XR 150 MG,N06AX16
CAPC_274,EE_7477,venlafaxine,VENLAFAXIN MEDOCHEMIE XR 75 MG,N06AX16
CAPC_274,EE_7478,venlafaxine,VENLAFAXINE ELVIM,N06AX16
CAPC_274,EE_7479,venlafaxine,VENLAFAXINE ELVIM,N06AX16
CAPC_274,EE_7480,venlafaxine,VENLAFAXINE LICONSA,N06AX16
CAPC_274,EE_7481,venlafaxine,VENLAFAXINE WÖRWAG PHARMA,N06AX16
CAPC_274,EE_7482,venlafaxine,VENLAFAXINE WÖRWAG PHARMA,N06AX16
CAPC_274,EE_7483,venlafaxine,VENLAFAXINE WÖRWAG PHARMA,N06AX16
CAPC_274,EE_7484,venlafaxine,VENLAFAXINE WÖRWAG PHARMA,N06AX16
CAPC_274,EE_7485,venlafaxine,VENLAGAMMA 150 MG,N06AX16
CAPC_274,EE_7486,venlafaxine,VENLAGAMMA 75 MG,N06AX16
CAPC_170,EE_7492,naloxone,VENTIZOLVE,V03AB15
CAPC_232,EE_7493,salbutamol,VENTOLIN,R03AC02
CAPC_232,EE_7494,salbutamol,VENTOLIN,R03AC02
CAPC_232,EE_7495,salbutamol,VENTOLIN DISKUS,R03AC02
CAPC_232,EE_7496,salbutamol,VENTOLIN SYRUP,R03CC02
CAPC_240,EE_7518,solifenacin,VESICARE,G04BD08
CAPC_279,EE_7526,voriconazole,VFEND,J02AC03
CAPC_279,EE_7527,voriconazole,VFEND,J02AC03
CAPC_279,EE_7528,voriconazole,VFEND,J02AC03
CAPC_279,EE_7529,voriconazole,VFEND,J02AC03
CAPC_279,EE_7530,voriconazole,VFEND,J02AC03
CAPC_236,EE_7531,sildenafil,VIAGRA,G04BE03
CAPC_236,EE_7532,sildenafil,VIAGRA,G04BE03
CAPC_236,EE_7533,sildenafil,VIAGRA,G04BE03
CAPC_236,EE_7534,sildenafil,VIAGRA,G04BE03
CAPC_236,EE_7535,sildenafil,VIAGRA,G04BE03
CAPC_134,EE_7564,lacosamide,VIMPAT,N03AX18
CAPC_134,EE_7565,lacosamide,VIMPAT,N03AX18
CAPC_134,EE_7566,lacosamide,VIMPAT,N03AX18
CAPC_134,EE_7567,lacosamide,VIMPAT,N03AX18
CAPC_134,EE_7568,lacosamide,VIMPAT,N03AX18
CAPC_134,EE_7569,lacosamide,VIMPAT,N03AX18
CAPC_134,EE_7570,lacosamide,VIMPAT,N03AX18
CAPC_175,EE_7586,nevirapine,VIRAMUNE,J05AG01
CAPC_175,EE_7587,nevirapine,VIRAMUNE,J05AG01
CAPC_175,EE_7588,nevirapine,VIRAMUNE,J05AG01
CAPC_175,EE_7589,nevirapine,VIRAMUNE,J05AG01
CAPC_236,EE_7604,sildenafil,VIZARSIN,G04BE03
CAPC_236,EE_7605,sildenafil,VIZARSIN,G04BE03
CAPC_236,EE_7606,sildenafil,VIZARSIN,G04BE03
CAPC_236,EE_7607,sildenafil,VIZARSIN,G04BE03
CAPC_236,EE_7608,sildenafil,VIZARSIN,G04BE03
CAPC_236,EE_7609,sildenafil,VIZARSIN,G04BE03
CAPC_108,EE_7627,flurbiprofen,VOCASEPT,R02AX01
CAPC_70,EE_7635,diclofenac,VOLTAREN AKTI,M01AB05
CAPC_70,EE_7636,diclofenac,VOLTAREN AKTIGO,M02AA15
CAPC_70,EE_7637,diclofenac,VOLTAREN EMULGEL,M02AA15
CAPC_70,EE_7638,diclofenac,VOLTAREN EMULGEL,M02AA15
CAPC_70,EE_7639,diclofenac,VOLTINEX,M02AA15
CAPC_70,EE_7640,diclofenac,VOLXOL,M01AB05
CAPC_279,EE_7645,voriconazole,VORICONAZOLE ACCORD,J02AC03
CAPC_279,EE_7646,voriconazole,VORICONAZOLE ACCORD,J02AC03
CAPC_279,EE_7647,voriconazole,VORICONAZOLE ACCORD,J02AC03
CAPC_279,EE_7648,voriconazole,VORICONAZOLE HIKMA,J02AC03
CAPC_279,EE_7649,voriconazole,VORICONAZOLE TEVA,J02AC03
CAPC_15,EE_7652,apixaban,VOZIBERIN,B01AF02
CAPC_15,EE_7653,apixaban,VOZIBERIN,B01AF02
CAPC_194,EE_7654,pazopanib,VOTRIENT,L01EX03
CAPC_194,EE_7655,pazopanib,VOTRIENT,L01EX03
CAPC_91,EE_7656,everolimus,VOTUBIA,L01EG02
CAPC_91,EE_7657,everolimus,VOTUBIA,L01EG02
CAPC_91,EE_7658,everolimus,VOTUBIA,L01EG02
CAPC_91,EE_7659,everolimus,VOTUBIA,L01EG02
CAPC_91,EE_7660,everolimus,VOTUBIA,L01EG02
CAPC_91,EE_7661,everolimus,VOTUBIA,L01EG02
CAPC_91,EE_7662,everolimus,VOTUBIA,L01EG02
CAPC_226,EE_7682,rivaroxaban,XABOPLAX,B01AF01
CAPC_226,EE_7683,rivaroxaban,XABOPLAX,B01AF01
CAPC_226,EE_7684,rivaroxaban,XABOPLAX,B01AF01
CAPC_226,EE_7685,rivaroxaban,XABOPLAX,B01AF01
CAPC_226,EE_7686,rivaroxaban,XABOPLAX,B01AF01
CAPC_155,EE_7698,mercaptopurine,XALUPRINE,L01BB02
CAPC_8,EE_7699,alprazolam,XANAX,N05BA12
CAPC_8,EE_7700,alprazolam,XANAX,N05BA12
CAPC_8,EE_7701,alprazolam,XANAX,N05BA12
CAPC_8,EE_7702,alprazolam,XANAX,N05BA12
CAPC_8,EE_7703,alprazolam,XANAX,N05BA12
CAPC_8,EE_7704,alprazolam,XANAX,N05BA12
CAPC_8,EE_7705,alprazolam,XANAX,N05BA12
CAPC_8,EE_7706,alprazolam,XANAX,N05BA12
CAPC_8,EE_7707,alprazolam,XANAX,N05BA12
CAPC_8,EE_7708,alprazolam,XANAX XR,N05BA12
CAPC_8,EE_7709,alprazolam,XANAX XR,N05BA12
CAPC_226,EE_7710,rivaroxaban,XANIRVA,B01AF01
CAPC_226,EE_7711,rivaroxaban,XANIRVA,B01AF01
CAPC_226,EE_7712,rivaroxaban,XANIRVA,B01AF01
CAPC_226,EE_7713,rivaroxaban,XANIRVA,B01AF01
CAPC_226,EE_7714,rivaroxaban,XANIRVA,B01AF01
CAPC_226,EE_7715,rivaroxaban,XANIRVA,B01AF01
CAPC_226,EE_7716,rivaroxaban,XARELTO,B01AF01
CAPC_226,EE_7717,rivaroxaban,XARELTO,B01AF01
CAPC_226,EE_7718,rivaroxaban,XARELTO,B01AF01
CAPC_226,EE_7719,rivaroxaban,XARELTO,B01AF01
CAPC_226,EE_7720,rivaroxaban,XARELTO,B01AF01
CAPC_226,EE_7721,rivaroxaban,XARELTO,B01AF01
CAPC_5,EE_7722,alfuzosin,XATRAL SR,G04CA01
CAPC_5,EE_7723,alfuzosin,XATRAL SR,G04CA01
CAPC_143,EE_7724,lornoxicam,XEFO,M01AC05
CAPC_143,EE_7725,lornoxicam,XEFO RAPID,M01AC05
CAPC_143,EE_7726,lornoxicam,XEFO RAPID,M01AC05
CAPC_143,EE_7727,lornoxicam,XEFO RAPID,M01AC05
CAPC_259,EE_7732,tofacitinib,XELJANZ,L04AF01
CAPC_259,EE_7733,tofacitinib,XELJANZ,L04AF01
CAPC_259,EE_7734,tofacitinib,XELJANZ,L04AF01
CAPC_259,EE_7735,tofacitinib,XELJANZ,L04AF01
CAPC_38,EE_7736,capecitabine,XELODA,L01BC06
CAPC_38,EE_7737,capecitabine,XELODA,L01BC06
CAPC_226,EE_7754,rivaroxaban,XERDOXO,B01AF01
CAPC_226,EE_7755,rivaroxaban,XERDOXO,B01AF01
CAPC_226,EE_7756,rivaroxaban,XERDOXO,B01AF01
CAPC_226,EE_7757,rivaroxaban,XERDOXO,B01AF01
CAPC_83,EE_7784,enzalutamide,XTANDI,L02BB04
CAPC_83,EE_7785,enzalutamide,XTANDI,L02BB04
CAPC_83,EE_7786,enzalutamide,XTANDI,L02BB04
CAPC_73,EE_7803,donepezil,YASNAL Q-TAB,N06DA02
CAPC_73,EE_7804,donepezil,YASNAL Q-TAB,N06DA02
CAPC_77,EE_7807,duloxetine,YENTREVE,N06AX21
CAPC_77,EE_7808,duloxetine,YENTREVE,N06AX21
CAPC_282,EE_7818,ziprasidone,YPSILA 20 MG,N05AE04
CAPC_282,EE_7819,ziprasidone,YPSILA 40 MG,N05AE04
CAPC_282,EE_7820,ziprasidone,YPSILA 60 MG,N05AE04
CAPC_282,EE_7821,ziprasidone,YPSILA 80 MG,N05AE04
